Date;CowID;DeathReason
22.06.2021;NL0667601268;ПАДЕЖ
31.12.2021;NL0713794784;НОВОТ060
02.01.2022;RU3101100502808;ЗДОРОВЬЕ
02.01.2022;RU3101100502808;НОВОТ060
03.01.2022;RU3110204130514;НОВОТ060
03.01.2022;NL0713794784;ЗДОРОВЬЕ
04.01.2022;NL0680007698;НОВОТ060
04.01.2022;HU3372948895;НОВОТ060
05.01.2022;NL0765159687;ЗДОРОВЬЕ
08.01.2022;RU3111005017435;ЗДОРОВЬЕ
08.01.2022;NL0670125788;НОВОТ060
10.01.2022;RU3110204130210;ЗДОРОВЬЕ
15.01.2022;RU3101090116984;ЗДОРОВЬЕ
20.01.2022;DE1405715686;ЗДОРОВЬЕ
20.01.2022;RU3110204122396;ЗДОРОВЬЕ
21.01.2022;NL0649275599;ВОСПРОИЗ
21.01.2022;DE0361541135;НОВОТ060
21.01.2022;RU3101100548590;ЗДОРОВЬЕ
23.01.2022;RU3110204121960;ЗДОРОВЬЕ
24.01.2022;RU3101090129790;ЗДОРОВЬЕ
24.01.2022;RU3111005016155;НОВОТ060
25.01.2022;RU3101090120283;НОВОТ060
25.01.2022;NL0686754480;ЗДОРОВЬЕ
26.01.2022;RU3110204122201;ЗДОРОВЬЕ
28.01.2022;RU3101090127052;ЗДОРОВЬЕ
28.01.2022;RU3101090127206;ПРОДУКТВ
28.01.2022;NL0582152908;НОВОТ060
28.01.2022;DE0358928019;НОВОТ060
28.01.2022;RU3111005007416;ЗДОРОВЬЕ
28.01.2022;NL0734610355;НОВОТ060
29.01.2022;RU3101090120487;ЗДОРОВЬЕ
01.02.2022;NL0673232238;НОВОТ060
02.02.2022;NL0673232238;ЗДОРОВЬЕ
03.02.2022;RU3110204123594;ЗДОРОВЬЕ
03.02.2022;DE0539105478;НОВОТ060
03.02.2022;NL0763035664;ЗДОРОВЬЕ
03.02.2022;RU3101100503155;ЗДОРОВЬЕ
04.02.2022;RU3101090127862;ЗДОРОВЬЕ
06.02.2022;NL6201054823;НОВОТ060
06.02.2022;RU3101090159206;ЗДОРОВЬЕ
07.02.2022;RU3101090156249;ЗДОРОВЬЕ
07.02.2022;DE1405754349;НОВОТ060
07.02.2022;NL0876411030;НОВОТ060
08.02.2022;RU3101090129492;ЗДОРОВЬЕ
08.02.2022;RU3111005007589;ПРОДУКТВ
09.02.2022;RU3111005016303;ЗДОРОВЬЕ
09.02.2022;NL0730637189;ЗДОРОВЬЕ
10.02.2022;RU3101150166604;ЗДОРОВЬЕ
11.02.2022;RU3110204130810;ЗДОРОВЬЕ
12.02.2022;RU3110204120917;ЗДОРОВЬЕ
12.02.2022;RU3110204121962;ЗДОРОВЬЕ
13.02.2022;RU3101100547577;НОВОТ060
14.02.2022;RU3101090129444;ЗДОРОВЬЕ
15.02.2022;RU3101090119641;ЗДОРОВЬЕ
15.02.2022;RU3101090118821;ЗДОРОВЬЕ
15.02.2022;RU3111005048059;ЗДОРОВЬЕ
15.02.2022;RU3101090157093;ЗДОРОВЬЕ
15.02.2022;RU3111005017808;ЗДОРОВЬЕ
15.02.2022;RU3101090119159;ЗДОРОВЬЕ
15.02.2022;RU3101090120493;ЗДОРОВЬЕ
15.02.2022;RU3101090120206;ЗДОРОВЬЕ
17.02.2022;RU3111005008437;НОВОТ060
18.02.2022;RU3111005017153;НОВОТ060
18.02.2022;RU3101090119328;НОВОТ060
19.02.2022;RU3111005003193;.
21.02.2022;DE0358274327;ЗДОРОВЬЕ
21.02.2022;NL0662576581;НОВОТ060
22.02.2022;NL0661036572;ПРОДУКТВ
22.02.2022;RU3110204130498;ЗДОРОВЬЕ
23.02.2022;RU3111005016356;ЗДОРОВЬЕ
24.02.2022;RU3110204123605;ЗДОРОВЬЕ
24.02.2022;NL0742257742;ЗДОРОВЬЕ
24.02.2022;RU3111005048854;ЗДОРОВЬЕ
25.02.2022;RU3111005017489;ЗДОРОВЬЕ
26.02.2022;RU3110204121408;ЗДОРОВЬЕ
26.02.2022;HU3729705195;ЗДОРОВЬЕ
26.02.2022;DE0359300210;ЗДОРОВЬЕ
27.02.2022;DE0359300210;ЗДОРОВЬЕ
27.02.2022;HU3729705195;ЗДОРОВЬЕ
28.02.2022;RU3101090127437;ЗДОРОВЬЕ
28.02.2022;RU3110204123340;ЗДОРОВЬЕ
28.02.2022;RU3101100547355;ЗДОРОВЬЕ
28.02.2022;DE1405987339;ЗДОРОВЬЕ
01.03.2022;RU3101090120010;ЗДОРОВЬЕ
02.03.2022;NL0743452069;ЗДОРОВЬЕ
03.03.2022;DE0358914686;НОВОТ060
03.03.2022;RU3101090125769;ЗДОРОВЬЕ
03.03.2022;RU3110204121430;ЗДОРОВЬЕ
04.03.2022;RU3101090126871;ЗДОРОВЬЕ
05.03.2022;RU3110204130633;ЗДОРОВЬЕ
06.03.2022;RU3110204130679;ЗДОРОВЬЕ
06.03.2022;RU3110204130938;ЗДОРОВЬЕ
07.03.2022;RU3111005046154;ЗДОРОВЬЕ
07.03.2022;NL0750381819;ЗДОРОВЬЕ
07.03.2022;RU3111005007691;ЗДОРОВЬЕ
07.03.2022;DE0360731555;ЗДОРОВЬЕ
07.03.2022;NL0625576924;ЗДОРОВЬЕ
07.03.2022;NL0737280579;ЗДОРОВЬЕ
07.03.2022;NL0734321091;ЗДОРОВЬЕ
08.03.2022;NL0647486599;ЗДОРОВЬЕ
08.03.2022;DE0361320680;НОВОТ060
09.03.2022;RU3111005016389;ЗДОРОВЬЕ
10.03.2022;RU3101090119939;ЗДОРОВЬЕ
11.03.2022;NL0576254421;ЗДОРОВЬЕ
11.03.2022;RU3101100547066;НОВОТ060
11.03.2022;RU3101090116342;ЗДОРОВЬЕ
11.03.2022;RU3101090118115;НОВОТ060
11.03.2022;DE0359001974;ЗДОРОВЬЕ
11.03.2022;RU3111005016340;НОВОТ060
13.03.2022;RU3101090157090;ЗДОРОВЬЕ
13.03.2022;RU3101090120335;ЗДОРОВЬЕ
14.03.2022;DE0358632691;ЗДОРОВЬЕ
14.03.2022;RU3101090120701;ЗДОРОВЬЕ
14.03.2022;RU3111005016918;ЗДОРОВЬЕ
14.03.2022;RU3110204130711;ЗДОРОВЬЕ
15.03.2022;RU3101090120188;ЗДОРОВЬЕ
15.03.2022;RU3110204122365;ЗДОРОВЬЕ
17.03.2022;RU3110204130711;ЗДОРОВЬЕ
19.03.2022;RU3101090156225;ЗДОРОВЬЕ
19.03.2022;RU3101090156255;ЗДОРОВЬЕ
19.03.2022;RU3101150166656;ЗДОРОВЬЕ
20.03.2022;RU3111005008708;ПРОДУКТВ
20.03.2022;RU3101100549803;ЗДОРОВЬЕ
20.03.2022;RU3110204121458;ЗДОРОВЬЕ
20.03.2022;RU3101100549803;ВОСПРОИЗ
21.03.2022;RU3111005017070;НОВОТ060
21.03.2022;RU3111005007426;НОВОТ060
21.03.2022;RU3111005007315;НОВОТ060
21.03.2022;RU3111005003788;ЗДОРОВЬЕ
22.03.2022;DE0359842102;ЗДОРОВЬЕ
22.03.2022;RU3111005017185;ЗДОРОВЬЕ
23.03.2022;RU3101090120481;ЗДОРОВЬЕ
23.03.2022;HU3372971978;НОВОТ060
24.03.2022;NL6264026993;ЗДОРОВЬЕ
25.03.2022;RU3101090129090;ЗДОРОВЬЕ
26.03.2022;RU3101090118987;ЗДОРОВЬЕ
27.03.2022;RU3101100549674;НОВОТ060
28.03.2022;RU3101050305153;ЗДОРОВЬЕ
29.03.2022;RU3110204122959;ЗДОРОВЬЕ
31.03.2022;NL0656280892;ЗДОРОВЬЕ
31.03.2022;RU3111005048244;ЗДОРОВЬЕ
01.04.2022;RU3110204122959;ЗДОРОВЬЕ
01.04.2022;RU3101150166187;ЗДОРОВЬЕ
01.04.2022;RU3101100549699;НОВОТ060
06.04.2022;RU3101090130052;ЗДОРОВЬЕ
06.04.2022;NL0753352072;ЗДОРОВЬЕ
09.04.2022;RU3110204123607;НОВОТ060
13.04.2022;DE0359060571;НОВОТ060
14.04.2022;RU3110204122954;НОВОТ060
17.04.2022;RU3101090120141;НОВОТ060
18.04.2022;RU3101090156676;ЗДОРОВЬЕ
18.04.2022;NL0654951578;НОВОТ060
19.04.2022;RU3111005048005;ЗДОРОВЬЕ
19.04.2022;RU3111005017104;НОВОТ060
19.04.2022;RU3101150166688;НОВОТ060
19.04.2022;NL0669615331;НОВОТ060
19.04.2022;RU3111005017887;ЗДОРОВЬЕ
19.04.2022;RU3110204130804;ЗДОРОВЬЕ
22.04.2022;RU3111005007095;НОВОТ060
22.04.2022;RU3101100546446;ЗДОРОВЬЕ
22.04.2022;DE0360689168;НОВОТ060
22.04.2022;NL0942179259;ЗДОРОВЬЕ
23.04.2022;DE1504338141;ЗДОРОВЬЕ
24.04.2022;RU3101090126405;ЗДОРОВЬЕ
24.04.2022;RU3101150140117;ЗДОРОВЬЕ
25.04.2022;NL0725159786;НОВОТ060
27.04.2022;RU3111005017857;ЗДОРОВЬЕ
28.04.2022;RU3101090156266;ЗДОРОВЬЕ
28.04.2022;RU3110204122685;ЗДОРОВЬЕ
29.04.2022;RU3111005017630;ЗДОРОВЬЕ
29.04.2022;RU3101150166448;ЗДОРОВЬЕ
30.04.2022;RU3101090130194;ЗДОРОВЬЕ
30.04.2022;RU3101090120400;ЗДОРОВЬЕ
30.04.2022;NL0672780185;НОВОТ060
01.05.2022;RU3110204120832;ЗДОРОВЬЕ
01.05.2022;RU3101090157025;ЗДОРОВЬЕ
01.05.2022;RU3110204122358;ЗДОРОВЬЕ
01.05.2022;RU3101090118832;ЗДОРОВЬЕ
02.05.2022;RU3111005007089;НОВОТ060
03.05.2022;RU3101150166156;ЗДОРОВЬЕ
03.05.2022;RU3101090126631;ЗДОРОВЬЕ
04.05.2022;RU3101090129098;ЗДОРОВЬЕ
04.05.2022;RU3101090157223;ЗДОРОВЬЕ
06.05.2022;NL0752846978;ЗДОРОВЬЕ
06.05.2022;RU3111005007657;НОВОТ060
07.05.2022;RU3101090156281;ЗДОРОВЬЕ
07.05.2022;RU3101050305175;ЗДОРОВЬЕ
07.05.2022;RU3101090129435;ЗДОРОВЬЕ
07.05.2022;RU3101090157179;ЗДОРОВЬЕ
07.05.2022;RU3111005017196;ЗДОРОВЬЕ
08.05.2022;RU3101100503666;ЗДОРОВЬЕ
11.05.2022;RU3101150140610;НОВОТ060
11.05.2022;RU3110204123511;ЗДОРОВЬЕ
11.05.2022;DE0360302099;ЗДОРОВЬЕ
11.05.2022;DE0360693837;НОВОТ060
11.05.2022;RU3110204123377;ЗДОРОВЬЕ
12.05.2022;NL0576823120;НОВОТ060
12.05.2022;DE0360679234;НОВОТ060
12.05.2022;RU3110204123771;ЗДОРОВЬЕ
13.05.2022;DE0361014567;ЗДОРОВЬЕ
13.05.2022;RU3110204130189;НОВОТ060
15.05.2022;RU3101050305044;ЗДОРОВЬЕ
15.05.2022;DE0360297165;ЗДОРОВЬЕ
15.05.2022;RU3101090117227;НОВОТ060
15.05.2022;RU3110204122468;ЗДОРОВЬЕ
19.05.2022;NL0721581132;НОВОТ060
19.05.2022;RU3101100549961;ЗДОРОВЬЕ
19.05.2022;DE0358802056;НОВОТ060
19.05.2022;RU3111005048146;НОВОТ060
23.05.2022;RU3111005016438;ЗДОРОВЬЕ
24.05.2022;NL0728209301;НОВОТ060
24.05.2022;DE0359956607;ЗДОРОВЬЕ
24.05.2022;RU3111005008851;ЗДОРОВЬЕ
24.05.2022;NL0675335755;ЗДОРОВЬЕ
25.05.2022;RU3111005017575;ЗДОРОВЬЕ
26.05.2022;DE0539112825;НОВОТ060
26.05.2022;NL0664071507;НОВОТ060
26.05.2022;DE0360403021;НОВОТ060
27.05.2022;RU3110204120467;ЗДОРОВЬЕ
28.05.2022;RU3110204122440;НОВОТ060
28.05.2022;DE0539105468;ЗДОРОВЬЕ
28.05.2022;NL0657006213;ЗДОРОВЬЕ
28.05.2022;RU3110204122840;ЗДОРОВЬЕ
28.05.2022;NL0735277168;ЗДОРОВЬЕ
28.05.2022;DE0360642869;ЗДОРОВЬЕ
28.05.2022;DE1504359985;ЗДОРОВЬЕ
28.05.2022;RU3111005007534;ПРОДУКТВ
29.05.2022;RU3101100549679;ЗДОРОВЬЕ
29.05.2022;RU3110204121113;ЗДОРОВЬЕ
29.05.2022;RU3111005007514;ЗДОРОВЬЕ
30.05.2022;RU3101090130228;ЗДОРОВЬЕ
31.05.2022;NL0675369482;ЗДОРОВЬЕ
31.05.2022;RU3101090156578;ЗДОРОВЬЕ
31.05.2022;NL0750592992;ЗДОРОВЬЕ
31.05.2022;NL0733592728;ЗДОРОВЬЕ
31.05.2022;RU3101090159215;ЗДОРОВЬЕ
31.05.2022;NL0939342095;ЗДОРОВЬЕ
31.05.2022;RU3111005016838;ЗДОРОВЬЕ
31.05.2022;NL0841967111;ЗДОРОВЬЕ
31.05.2022;RU3111005009006;ЗДОРОВЬЕ
31.05.2022;NL0747923026;ЗДОРОВЬЕ
01.06.2022;RU3111005003775;ЗДОРОВЬЕ
01.06.2022;RU3101090118773;ЗДОРОВЬЕ
02.06.2022;RU3101100549089;ЗДОРОВЬЕ
02.06.2022;RU3101100503624;ЗДОРОВЬЕ
02.06.2022;RU3101090116276;НОВОТ060
02.06.2022;RU3101090117304;ЗДОРОВЬЕ
02.06.2022;RU3101090159466;НОВОТ060
03.06.2022;RU3101090116156;ЗДОРОВЬЕ
03.06.2022;RU3101090117769;ЗДОРОВЬЕ
03.06.2022;RU3110204140935;ЗДОРОВЬЕ
05.06.2022;RU3101090125709;ЗДОРОВЬЕ
05.06.2022;NL0615245526;ЗДОРОВЬЕ
06.06.2022;DE0539013898;ЗДОРОВЬЕ
07.06.2022;RU3101150140682;ЗДОРОВЬЕ
07.06.2022;DE0361465349;ЗДОРОВЬЕ
07.06.2022;NL0937262436;ЗДОРОВЬЕ
07.06.2022;RU3110204121758;ЗДОРОВЬЕ
07.06.2022;RU3101100503366;НОВОТ060
08.06.2022;RU3111005048859;ЗДОРОВЬЕ
08.06.2022;RU3101090159530;ЗДОРОВЬЕ
09.06.2022;RU3110204140585;ПРОДУКТВ
09.06.2022;RU3110204140649;ПРОДУКТВ
09.06.2022;RU3110204140585;ЗДОРОВЬЕ
09.06.2022;RU3110204121689;ЗДОРОВЬЕ
09.06.2022;RU3110204120633;ЗДОРОВЬЕ
10.06.2022;RU3110204122727;ЗДОРОВЬЕ
10.06.2022;RU3101090125369;ЗДОРОВЬЕ
11.06.2022;NL0899164955;ПРОДУКТВ
12.06.2022;RU3101100549433;ЗДОРОВЬЕ
12.06.2022;RU3110204140918;ЗДОРОВЬЕ
12.06.2022;RU3101150140455;ЗДОРОВЬЕ
13.06.2022;RU3110204122068;ЗДОРОВЬЕ
13.06.2022;RU3101090126106;ЗДОРОВЬЕ
13.06.2022;RU3101150166766;НОВОТ060
13.06.2022;DE0359960513;ЗДОРОВЬЕ
14.06.2022;RU3110204121049;ЗДОРОВЬЕ
14.06.2022;RU3111005007154;ЗДОРОВЬЕ
16.06.2022;RU3101090159281;НОВОТ060
16.06.2022;RU3111005017791;ЗДОРОВЬЕ
17.06.2022;NL0669008911;НОВОТ060
17.06.2022;RU3110204140439;ЗДОРОВЬЕ
17.06.2022;RU3101020408886;ЗДОРОВЬЕ
18.06.2022;DE1603569999;НОВОТ060
18.06.2022;DE0358642038;НОВОТ060
18.06.2022;RU3101090116847;ЗДОРОВЬЕ
18.06.2022;RU3101090129202;ЗДОРОВЬЕ
19.06.2022;RU3110204121112;ЗДОРОВЬЕ
19.06.2022;RU3111005017438;ЗДОРОВЬЕ
19.06.2022;RU3110204122815;ЗДОРОВЬЕ
20.06.2022;RU3110204140593;ЗДОРОВЬЕ
20.06.2022;RU3101090156460;ЗДОРОВЬЕ
20.06.2022;RU3110204123727;ЗДОРОВЬЕ
20.06.2022;RU3101100502763;ЗДОРОВЬЕ
20.06.2022;RU3110204122832;ЗДОРОВЬЕ
20.06.2022;NL0738324258;ЗДОРОВЬЕ
20.06.2022;RU3101100546883;ЗДОРОВЬЕ
21.06.2022;RU3110204121770;ЗДОРОВЬЕ
21.06.2022;RU3111005016711;ЗДОРОВЬЕ
21.06.2022;DE0360296689;НОВОТ060
21.06.2022;NL0756093383;ЗДОРОВЬЕ
22.06.2022;NL0843145757;НОВОТ060
22.06.2022;DE0360180700;ЗДОРОВЬЕ
22.06.2022;RU3101100548588;ЗДОРОВЬЕ
23.06.2022;RU3110204122729;ЗДОРОВЬЕ
23.06.2022;RU3110204120447;ЗДОРОВЬЕ
24.06.2022;RU3110204122225;ЗДОРОВЬЕ
24.06.2022;RU3110204122654;ЗДОРОВЬЕ
26.06.2022;RU3101090157366;ЗДОРОВЬЕ
27.06.2022;RU3111005017920;ЗДОРОВЬЕ
27.06.2022;NL0678861152;ЗДОРОВЬЕ
28.06.2022;RU3110204012841;ЗДОРОВЬЕ
28.06.2022;RU3101090156958;ЗДОРОВЬЕ
28.06.2022;DE0360689548;ЗДОРОВЬЕ
28.06.2022;RU3101090157412;НОВОТ060
29.06.2022;RU3101090119757;ЗДОРОВЬЕ
29.06.2022;RU3110204122501;ЗДОРОВЬЕ
29.06.2022;RU3111005016761;ЗДОРОВЬЕ
29.06.2022;RU3101090119866;ЗДОРОВЬЕ
29.06.2022;RU3101100549506;ЗДОРОВЬЕ
29.06.2022;RU3110204121616;ЗДОРОВЬЕ
29.06.2022;RU3101090158353;ЗДОРОВЬЕ
30.06.2022;RU3110204122162;ЗДОРОВЬЕ
30.06.2022;RU3111005048071;ЗДОРОВЬЕ
30.06.2022;CZ0800334961;ЗДОРОВЬЕ
30.06.2022;RU3111005003194;ЗДОРОВЬЕ
01.07.2022;RU3101090129084;ЗДОРОВЬЕ
01.07.2022;RU3110204140891;ЗДОРОВЬЕ
02.07.2022;RU3111005017342;НОВОТ060
03.07.2022;DE0360717267;ЗДОРОВЬЕ
03.07.2022;HU3462115495;ЗДОРОВЬЕ
03.07.2022;RU3111005007992;ЗДОРОВЬЕ
04.07.2022;RU3110204130966;ЗДОРОВЬЕ
04.07.2022;RU3110204121060;НОВОТ060
04.07.2022;RU3110204130493;НОВОТ060
05.07.2022;RU3110204122632;ЗДОРОВЬЕ
05.07.2022;RU3110204122814;ЗДОРОВЬЕ
05.07.2022;RU3110204121060;ЗДОРОВЬЕ
06.07.2022;DE0360160979;НОВОТ060
06.07.2022;RU3101090116866;НОВОТ060
08.07.2022;RU3110204121835;ЗДОРОВЬЕ
08.07.2022;RU3101090129203;ЗДОРОВЬЕ
08.07.2022;RU3101090119937;ЗДОРОВЬЕ
08.07.2022;RU3101090120870;ЗДОРОВЬЕ
08.07.2022;NL0843416785;.
08.07.2022;RU3101100549296;ЗДОРОВЬЕ
09.07.2022;RU3110204130442;ЗДОРОВЬЕ
09.07.2022;DE1405718718;НОВОТ060
09.07.2022;RU3111005007438;ЗДОРОВЬЕ
09.07.2022;DE0358684441;НОВОТ060
09.07.2022;NL0744878040;НОВОТ060
09.07.2022;RU3111005017423;НОВОТ060
09.07.2022;DE0360191334;ЗДОРОВЬЕ
09.07.2022;HU3462112193;ЗДОРОВЬЕ
09.07.2022;DE1405767738;ЗДОРОВЬЕ
10.07.2022;RU3110204121507;ЗДОРОВЬЕ
10.07.2022;RU3111005003293;ЗДОРОВЬЕ
10.07.2022;DE0358257435;ЗДОРОВЬЕ
10.07.2022;RU3111005016111;ЗДОРОВЬЕ
10.07.2022;RU3110204121405;ЗДОРОВЬЕ
11.07.2022;DE0361078061;ЗДОРОВЬЕ
12.07.2022;RU3101090126486;ЗДОРОВЬЕ
12.07.2022;RU3101090125891;ЗДОРОВЬЕ
13.07.2022;RU3110204121708;НОВОТ060
13.07.2022;RU3111005016875;ЗДОРОВЬЕ
13.07.2022;RU3101090117597;ЗДОРОВЬЕ
13.07.2022;RU3110204122575;НОВОТ060
13.07.2022;DE0358643629;НОВОТ060
13.07.2022;RU3101090129864;ЗДОРОВЬЕ
13.07.2022;RU3101090127614;ЗДОРОВЬЕ
14.07.2022;RU3110204122188;ЗДОРОВЬЕ
14.07.2022;RU3101090126694;ЗДОРОВЬЕ
14.07.2022;RU3111005170154;НОВОТ060
14.07.2022;NL0659612430;ЗДОРОВЬЕ
14.07.2022;RU3110204123678;НОВОТ060
14.07.2022;RU3111005016981;ЗДОРОВЬЕ
14.07.2022;RU3101090115476;ЗДОРОВЬЕ
14.07.2022;RU3110204110075;ЗДОРОВЬЕ
14.07.2022;RU3101090120846;НОВОТ060
14.07.2022;RU3110204130742;ЗДОРОВЬЕ
14.07.2022;NL0759026546;ЗДОРОВЬЕ
14.07.2022;RU3110204123294;ЗДОРОВЬЕ
14.07.2022;RU3111005007572;ЗДОРОВЬЕ
15.07.2022;RU3111005016811;ЗДОРОВЬЕ
15.07.2022;RU3110204140665;ЗДОРОВЬЕ
15.07.2022;RU3110204140665;НОВОТ060
16.07.2022;RU3110204123136;ЗДОРОВЬЕ
16.07.2022;DE0358664407;НОВОТ060
16.07.2022;RU3101090129742;ЗДОРОВЬЕ
17.07.2022;DE0360063641;НОВОТ060
18.07.2022;RU3101090119536;ЗДОРОВЬЕ
18.07.2022;RU3110204122960;НОВОТ060
18.07.2022;RU3111005007332;ЗДОРОВЬЕ
18.07.2022;RU3101100516022;ЗДОРОВЬЕ
19.07.2022;RU3110204123554;ЗДОРОВЬЕ
19.07.2022;RU3101090130204;ЗДОРОВЬЕ
19.07.2022;RU3110204140735;ЗДОРОВЬЕ
19.07.2022;RU3101090159125;ЗДОРОВЬЕ
19.07.2022;RU3101100503264;ЗДОРОВЬЕ
19.07.2022;RU3111005017477;ЗДОРОВЬЕ
19.07.2022;DE1603820318;ЗДОРОВЬЕ
19.07.2022;NL0738324133;ЗДОРОВЬЕ
19.07.2022;DE0539413321;ЗДОРОВЬЕ
19.07.2022;NL0615041063;ЗДОРОВЬЕ
20.07.2022;RU3110204130748;ЗДОРОВЬЕ
20.07.2022;RU3110204130748;НОВОТ060
20.07.2022;NL0720294703;ЗДОРОВЬЕ
20.07.2022;RU3110204130856;ЗДОРОВЬЕ
20.07.2022;NL0549606842;ЗДОРОВЬЕ
20.07.2022;NL0654323126;ЗДОРОВЬЕ
21.07.2022;RU3110204122361;НОВОТ060
21.07.2022;RU3101090120468;ЗДОРОВЬЕ
21.07.2022;RU3110204124160;ЗДОРОВЬЕ
21.07.2022;RU3101090125355;НОВОТ060
21.07.2022;RU3110204120783;ЗДОРОВЬЕ
22.07.2022;RU3111005016811;ЗДОРОВЬЕ
22.07.2022;RU3101090119695;ЗДОРОВЬЕ
22.07.2022;RU3101090117679;НОВОТ060
22.07.2022;RU3101090120704;ЗДОРОВЬЕ
22.07.2022;RU3101090117637;ЗДОРОВЬЕ
23.07.2022;RU3101090158432;ЗДОРОВЬЕ
23.07.2022;RU3101090127380;ЗДОРОВЬЕ
23.07.2022;RU3101090128033;ЗДОРОВЬЕ
23.07.2022;NL0656596458;НОВОТ060
24.07.2022;RU3110204122013;ЗДОРОВЬЕ
24.07.2022;RU3101090125460;ЗДОРОВЬЕ
24.07.2022;RU3110204140840;ЗДОРОВЬЕ
24.07.2022;NL0628722359;ЗДОРОВЬЕ
26.07.2022;RU3101090116587;ЗДОРОВЬЕ
26.07.2022;RU3101090119851;НОВОТ060
26.07.2022;RU3101090120027;НОВОТ060
26.07.2022;RU3101090118588;НОВОТ060
26.07.2022;RU3110204140875;ЗДОРОВЬЕ
26.07.2022;DE0360870648;НОВОТ060
26.07.2022;RU3101090156459;ЗДОРОВЬЕ
26.07.2022;RU3101090128416;ЗДОРОВЬЕ
26.07.2022;RU3101100546463;НОВОТ060
26.07.2022;RU3110204122475;ЗДОРОВЬЕ
27.07.2022;RU3111005017653;ЗДОРОВЬЕ
27.07.2022;NL0677023915;ЗДОРОВЬЕ
27.07.2022;RU3110204140806;ЗДОРОВЬЕ
27.07.2022;RU3101150166306;ЗДОРОВЬЕ
27.07.2022;RU3101090118324;НОВОТ060
27.07.2022;RU3110204012988;ЗДОРОВЬЕ
28.07.2022;RU3101090130247;ЗДОРОВЬЕ
28.07.2022;RU3111005003610;ЗДОРОВЬЕ
28.07.2022;NL0936600440;ЗДОРОВЬЕ
28.07.2022;RU3101100547786;ЗДОРОВЬЕ
28.07.2022;NL0668046509;ЗДОРОВЬЕ
29.07.2022;RU3101150140467;ЗДОРОВЬЕ
30.07.2022;RU3110204123525;ЗДОРОВЬЕ
30.07.2022;RU3101090118487;НОВОТ060
30.07.2022;NL0655825995;ЗДОРОВЬЕ
30.07.2022;RU3111005008274;ЗДОРОВЬЕ
30.07.2022;RU3111005017143;ЗДОРОВЬЕ
30.07.2022;RU3111005017010;ЗДОРОВЬЕ
30.07.2022;RU3111005170133;ЗДОРОВЬЕ
30.07.2022;NL0744599862;ЗДОРОВЬЕ
30.07.2022;RU3101100549197;ЗДОРОВЬЕ
31.07.2022;DE0360799354;ЗДОРОВЬЕ
31.07.2022;RU3110204130636;НОВОТ060
31.07.2022;NL0898127988;ЗДОРОВЬЕ
31.07.2022;NL0758134545;ЗДОРОВЬЕ
31.07.2022;RU3111005046067;ЗДОРОВЬЕ
01.08.2022;RU3110204121798;ЗДОРОВЬЕ
02.08.2022;RU3101090119678;ЗДОРОВЬЕ
02.08.2022;RU3110204130991;ЗДОРОВЬЕ
02.08.2022;RU3101100548263;ЗДОРОВЬЕ
02.08.2022;NL0625406087;ЗДОРОВЬЕ
02.08.2022;NL0597694198;ЗДОРОВЬЕ
02.08.2022;NL0717935279;НОВОТ060
03.08.2022;RU3110204120918;ЗДОРОВЬЕ
03.08.2022;RU3110204122402;НОВОТ060
03.08.2022;RU3101150140677;НОВОТ060
03.08.2022;RU3101150108911;НОВОТ060
03.08.2022;RU3101100549475;ЗДОРОВЬЕ
03.08.2022;RU3110204121669;НОВОТ060
03.08.2022;RU3110204122402;ЗДОРОВЬЕ
03.08.2022;RU3110204121669;ЗДОРОВЬЕ
04.08.2022;RU3101150109576;ЗДОРОВЬЕ
04.08.2022;RU3101090127026;НОВОТ060
04.08.2022;RU3101090157172;НОВОТ060
05.08.2022;RU3101090126045;ЗДОРОВЬЕ
05.08.2022;RU3111005007454;ЗДОРОВЬЕ
05.08.2022;NL0625576892;ЗДОРОВЬЕ
05.08.2022;RU3111005008296;ЗДОРОВЬЕ
06.08.2022;RU3101090117025;НОВОТ060
06.08.2022;RU3101090159451;ЗДОРОВЬЕ
06.08.2022;RU3110204123351;ЗДОРОВЬЕ
07.08.2022;RU3101090118907;НОВОТ060
07.08.2022;DE0360545111;ЗДОРОВЬЕ
07.08.2022;RU3101090119440;ЗДОРОВЬЕ
07.08.2022;RU3101090120166;ЗДОРОВЬЕ
07.08.2022;RU3101090119490;ЗДОРОВЬЕ
08.08.2022;DE0360305790;НОВОТ060
08.08.2022;NL0587335092;ЗДОРОВЬЕ
08.08.2022;RU3101100503050;НОВОТ060
08.08.2022;NL0359168417;ЗДОРОВЬЕ
08.08.2022;DE1405844556;НОВОТ060
08.08.2022;RU3111005009008;ЗДОРОВЬЕ
08.08.2022;NL0749608170;ЗДОРОВЬЕ
08.08.2022;RU3101090125576;ЗДОРОВЬЕ
08.08.2022;RU3110204121801;ЗДОРОВЬЕ
08.08.2022;RU3110204121801;НОВОТ060
08.08.2022;RU3101090117441;ЗДОРОВЬЕ
09.08.2022;RU3110204130906;ЗДОРОВЬЕ
09.08.2022;RU3111005017777;ЗДОРОВЬЕ
10.08.2022;DE0361085274;НОВОТ060
10.08.2022;NL0665228298;ЗДОРОВЬЕ
10.08.2022;RU3101100547629;ЗДОРОВЬЕ
10.08.2022;RU3101090128394;ЗДОРОВЬЕ
11.08.2022;RU3110204123839;ЗДОРОВЬЕ
11.08.2022;RU3101090127912;ЗДОРОВЬЕ
11.08.2022;RU3111005007065;НОВОТ060
11.08.2022;NL0694344251;НОВОТ060
11.08.2022;NL0687252233;НОВОТ060
13.08.2022;RU3101100503498;ЗДОРОВЬЕ
13.08.2022;NL0881488506;НОВОТ060
13.08.2022;NL0670413412;НОВОТ060
13.08.2022;RU3111005170107;НОВОТ060
13.08.2022;RU3111005008140;НОВОТ060
14.08.2022;DE0360207663;ЗДОРОВЬЕ
15.08.2022;RU3111005016294;ЗДОРОВЬЕ
15.08.2022;RU3111005016370;ЗДОРОВЬЕ
16.08.2022;DE1405754282;НОВОТ060
16.08.2022;RU3111005007026;ЗДОРОВЬЕ
16.08.2022;NL0748212994;ЗДОРОВЬЕ
16.08.2022;RU3101090129377;ЗДОРОВЬЕ
16.08.2022;RU3111005170083;ЗДОРОВЬЕ
16.08.2022;DE0361336265;НОВОТ060
17.08.2022;RU3110204120555;ЗДОРОВЬЕ
18.08.2022;NL0720239557;ЗДОРОВЬЕ
18.08.2022;RU3101090156416;ЗДОРОВЬЕ
18.08.2022;NL0642771887;ЗДОРОВЬЕ
18.08.2022;RU3110204123810;ЗДОРОВЬЕ
18.08.2022;RU3110204123585;ЗДОРОВЬЕ
18.08.2022;RU3110204123608;ЗДОРОВЬЕ
18.08.2022;RU3101090156522;ЗДОРОВЬЕ
18.08.2022;RU3111005008903;ЗДОРОВЬЕ
19.08.2022;RU3101090159160;НОВОТ060
19.08.2022;RU3101090118043;ЗДОРОВЬЕ
19.08.2022;NL0598203010;НОВОТ060
19.08.2022;NL0843140480;ЗДОРОВЬЕ
19.08.2022;DE1504473391;ЗДОРОВЬЕ
19.08.2022;RU3101100548572;ЗДОРОВЬЕ
20.08.2022;RU3101090130000;ЗДОРОВЬЕ
21.08.2022;DE0358611034;ЗДОРОВЬЕ
21.08.2022;RU3101090118845;ЗДОРОВЬЕ
21.08.2022;RU3101090119639;НОВОТ060
21.08.2022;RU3101100548573;ЗДОРОВЬЕ
21.08.2022;RU3101090126270;ЗДОРОВЬЕ
22.08.2022;RU3111005160051;ЗДОРОВЬЕ
22.08.2022;RU3101100503376;ЗДОРОВЬЕ
23.08.2022;RU3111005160050;ЗДОРОВЬЕ
23.08.2022;RU3110204123116;ЗДОРОВЬЕ
24.08.2022;RU3111005007578;НОВОТ060
24.08.2022;RU3111005017281;НОВОТ060
24.08.2022;NL0639881700;НОВОТ060
24.08.2022;RU3101100547606;ЗДОРОВЬЕ
24.08.2022;RU3101150108731;ЗДОРОВЬЕ
24.08.2022;NL0943848514;ЗДОРОВЬЕ
24.08.2022;NL0763360939;ЗДОРОВЬЕ
24.08.2022;DE0360296709;ЗДОРОВЬЕ
24.08.2022;RU3111005017755;ЗДОРОВЬЕ
24.08.2022;RU3111005017158;ЗДОРОВЬЕ
25.08.2022;NL0669177800;ЗДОРОВЬЕ
26.08.2022;RU3110204122776;ЗДОРОВЬЕ
27.08.2022;DE0358665841;ЗДОРОВЬЕ
27.08.2022;DE0360318239;ЗДОРОВЬЕ
28.08.2022;RU3110204122669;ЗДОРОВЬЕ
28.08.2022;NL0763314176;НОВОТ060
28.08.2022;NL0748291847;НОВОТ060
28.08.2022;RU3111005016277;НОВОТ060
28.08.2022;RU3101090128944;ЗДОРОВЬЕ
28.08.2022;RU3101150108957;НОВОТ060
28.08.2022;RU3101100548690;ЗДОРОВЬЕ
29.08.2022;RU3101090125508;ЗДОРОВЬЕ
29.08.2022;RU3101090119350;ЗДОРОВЬЕ
29.08.2022;RU3101150166454;ЗДОРОВЬЕ
29.08.2022;RU3101090156586;НОВОТ060
30.08.2022;NL0836690071;ЗДОРОВЬЕ
30.08.2022;RU3111005003748;ЗДОРОВЬЕ
30.08.2022;DE0361000101;НОВОТ060
30.08.2022;RU3101090117097;НОВОТ060
30.08.2022;RU3111005048050;ЗДОРОВЬЕ
30.08.2022;RU3101090127599;НОВОТ060
30.08.2022;RU3111005170076;ЗДОРОВЬЕ
31.08.2022;RU3101090117689;ЗДОРОВЬЕ
31.08.2022;RU3101090120023;ЗДОРОВЬЕ
31.08.2022;RU3101090128976;ЗДОРОВЬЕ
31.08.2022;DE0538578290;ЗДОРОВЬЕ
31.08.2022;NL0695779632;ЗДОРОВЬЕ
31.08.2022;RU3101090130266;ЗДОРОВЬЕ
31.08.2022;RU3101090130515;НОВОТ060
31.08.2022;RU3101090120923;ЗДОРОВЬЕ
01.09.2022;RU3101150166551;ЗДОРОВЬЕ
01.09.2022;RU3101090120783;ЗДОРОВЬЕ
01.09.2022;RU3101090127777;ЗДОРОВЬЕ
01.09.2022;RU3101090129862;ЗДОРОВЬЕ
01.09.2022;DE0360689541;НОВОТ060
01.09.2022;RU3101090102497;ЗДОРОВЬЕ
01.09.2022;NL0684604239;ЗДОРОВЬЕ
01.09.2022;RU3111005017026;ЗДОРОВЬЕ
02.09.2022;RU3101090118481;НОВОТ060
02.09.2022;RU3101090157103;ЗДОРОВЬЕ
02.09.2022;RU3101090118853;ЗДОРОВЬЕ
02.09.2022;RU3111005160105;ЗДОРОВЬЕ
02.09.2022;RU3101090119859;ЗДОРОВЬЕ
02.09.2022;RU3101090129914;НОВОТ060
02.09.2022;RU3101100549999;НОВОТ060
02.09.2022;RU3101150108370;НОВОТ060
02.09.2022;RU3101090129863;НОВОТ060
03.09.2022;RU3101150140451;ЗДОРОВЬЕ
03.09.2022;RU3101090130314;ЗДОРОВЬЕ
04.09.2022;RU3101090119194;ВОСПРОИЗ
04.09.2022;RU3101090129964;ЗДОРОВЬЕ
04.09.2022;RU3110901180403;ЗДОРОВЬЕ
04.09.2022;RU3110204130971;ЗДОРОВЬЕ
04.09.2022;RU3111005003206;ЗДОРОВЬЕ
04.09.2022;RU3110204130712;ЗДОРОВЬЕ
04.09.2022;NL0877047292;ЗДОРОВЬЕ
04.09.2022;NL0730745350;ЗДОРОВЬЕ
04.09.2022;NL0733413380;ЗДОРОВЬЕ
04.09.2022;NL0679516570;ЗДОРОВЬЕ
05.09.2022;RU3101090120192;ЗДОРОВЬЕ
05.09.2022;RU3110204130629;ЗДОРОВЬЕ
05.09.2022;RU3110204123302;ЗДОРОВЬЕ
05.09.2022;DE1603714343;ЗДОРОВЬЕ
06.09.2022;RU3101150166490;НОВОТ060
06.09.2022;RU3110204120393;ЗДОРОВЬЕ
06.09.2022;RU3101150166704;ЗДОРОВЬЕ
06.09.2022;HU3353009344;ЗДОРОВЬЕ
06.09.2022;RU3111005048982;НОВОТ060
06.09.2022;RU3101090126770;ЗДОРОВЬЕ
08.09.2022;RU3110204123888;ЗДОРОВЬЕ
08.09.2022;RU3110204120035;ВОСПРОИЗ
08.09.2022;RU3111005016763;ЗДОРОВЬЕ
08.09.2022;RU3101090127455;ЗДОРОВЬЕ
08.09.2022;RU3111005017618;НОВОТ060
09.09.2022;RU3110204140644;НОВОТ060
09.09.2022;RU3101100502673;НОВОТ060
09.09.2022;RU3110204120924;НОВОТ060
09.09.2022;RU3101090129142;ЗДОРОВЬЕ
09.09.2022;RU3111005017067;ЗДОРОВЬЕ
10.09.2022;RU3110204120164;ЗДОРОВЬЕ
11.09.2022;RU3101150140066;ЗДОРОВЬЕ
11.09.2022;RU3111005046117;ЗДОРОВЬЕ
11.09.2022;RU3101090120109;ЗДОРОВЬЕ
11.09.2022;RU3101100502602;ЗДОРОВЬЕ
11.09.2022;NL0725355478;ЗДОРОВЬЕ
11.09.2022;RU3101090129968;ЗДОРОВЬЕ
12.09.2022;NL0653336806;ЗДОРОВЬЕ
12.09.2022;RU3101090119479;ЗДОРОВЬЕ
13.09.2022;RU3111005170343;НОВОТ060
13.09.2022;RU3101150173892;ЗДОРОВЬЕ
13.09.2022;RU3101090128436;ЗДОРОВЬЕ
13.09.2022;DE0539337056;ЗДОРОВЬЕ
15.09.2022;RU3110204124008;НОВОТ060
15.09.2022;RU3110204121741;ЗДОРОВЬЕ
16.09.2022;RU3111005017138;НОВОТ060
16.09.2022;RU3111005046294;ЗДОРОВЬЕ
17.09.2022;RU3111005048003;ЗДОРОВЬЕ
17.09.2022;RU3101100549215;НОВОТ060
