Date;CowID;CowMass
18.09.2019;RU3110204122440;148
18.09.2019;RU3110204122379;145
18.09.2019;RU3110204122396;138
18.09.2019;RU3110204122365;131
18.09.2019;RU3110204122398;148
18.09.2019;RU3110204122907;144
18.09.2019;RU3110204122456;132
25.09.2019;RU3101100548588;115
25.09.2019;RU3101100548599;104
25.09.2019;RU3101100548535;87
25.09.2019;RU3101100548578;101
25.09.2019;RU3101100548563;112
25.09.2019;RU3101100548560;118
25.09.2019;RU3101100548614;108
25.09.2019;RU3101100548610;92
25.09.2019;RU3101100548546;97
25.09.2019;RU3101100548752;76
25.09.2019;RU3101100548531;119
25.09.2019;RU3101100548615;81
25.09.2019;RU3101100548573;95
25.09.2019;RU3101100548590;96
25.09.2019;RU3101100548690;99
27.09.2019;RU3110204122508;84,5
27.09.2019;RU3110204140851;90,5
27.09.2019;RU3110204122464;114,5
27.09.2019;RU3110204122495;107
27.09.2019;RU3110204122451;118,5
27.09.2019;RU3110204122501;89
27.09.2019;RU3110204122513;88
27.09.2019;RU3101100548720;81,5
27.09.2019;RU3110204122474;120,5
27.09.2019;RU3110204122890;77,5
27.09.2019;RU3101100548298;125
30.09.2019;RU3110204122535;85
30.09.2019;RU3110204122886;93
30.09.2019;RU3110204122559;75
08.10.2019;RU3110204122580;80
08.10.2019;RU3110204140850;75
08.10.2019;RU3101100548674;80
15.01.2020;RU3111005016757;296
15.01.2020;RU3111005016768;310
15.01.2020;RU3111005016760;271
15.01.2020;RU3111005016763;322
15.01.2020;RU3111005016758;358
15.01.2020;RU3111005016761;310
15.01.2020;RU3111005016741;320
15.01.2020;RU3111005016754;283
21.01.2020;RU3111005016303;603
21.01.2020;RU3110204121553;604
21.01.2020;RU3110204130792;570
21.01.2020;RU3111005017157;558
21.01.2020;RU3110204121265;799
21.01.2020;RU3111005017252;524
21.01.2020;RU3111005017138;508
21.01.2020;DE0361085274;569
21.01.2020;DE1501162509;601
21.01.2020;RU3110204140500;530
21.01.2020;DE0360688778;647
21.01.2020;RU3110204121507;698
21.01.2020;RU3110204130796;554
21.01.2020;RU3111005017115;600
21.01.2020;RU3110204121580;490
21.01.2020;RU3111005003712;626
21.01.2020;RU3111005003832;644
21.01.2020;RU3101100503648;640
21.01.2020;RU3110204121341;673
21.01.2020;RU3111005016382;519
22.01.2020;RU3111005017281;568
22.01.2020;RU3111005016162;617
22.01.2020;RU3111005003788;630
22.01.2020;RU3110204121616;618
22.01.2020;RU3111005017384;572
22.01.2020;RU3111005016419;555
22.01.2020;RU3110204121623;628
22.01.2020;RU3111005003818;536
22.01.2020;RU3111005016277;145
22.01.2020;RU3110204121520;645
03.02.2020;RU3111005017420;563
03.02.2020;RU3111005017342;601
03.02.2020;RU3111005017098;546
03.02.2020;RU3111005017516;558
03.02.2020;RU3110204130785;597
18.02.2020;RU3101100548612;228
18.02.2020;RU3101100546878;196
18.02.2020;RU3101100548641;218
18.02.2020;RU3111005048982;181
18.02.2020;RU3111005046359;215
18.02.2020;RU3111005048950;200
18.02.2020;RU3111005048851;208
18.02.2020;RU3111005048837;169
18.02.2020;RU3101100548790;169
18.02.2020;RU3111005048859;205
18.02.2020;RU3111005048846;158
18.02.2020;RU3111005046356;154
18.02.2020;RU3111005048877;188
18.02.2020;RU3101100548807;218
18.02.2020;RU3101100548737;206
18.02.2020;RU3111005048957;155
18.02.2020;RU3101100546378;190
18.02.2020;RU3111005046360;212
18.02.2020;RU3111005046302;193
18.02.2020;RU3111005048701;233
18.02.2020;RU3111005046375;156
18.02.2020;RU3111005046357;194
18.02.2020;RU3111005048854;180
18.02.2020;RU3101100548572;193
18.02.2020;RU3111005048962;157
18.02.2020;RU3111005046332;206
18.02.2020;RU3101100548738;229
18.02.2020;RU3101100548691;213
18.03.2020;RU3111005017143;579
18.03.2020;RU3111005017375;592
18.03.2020;RU3111005017236;584
18.03.2020;RU3111005017185;517
18.03.2020;RU3111005017049;534
18.03.2020;RU3111005017065;636
18.03.2020;RU3111005017102;547
19.03.2020;RU3111005017659;495
20.03.2020;RU3111005016301;660
20.03.2020;RU3110204121605;590
20.03.2020;RU3110204140871;254
20.03.2020;RU3101100546883;227
20.03.2020;RU3110204140875;188
20.03.2020;RU3110204122541;205
20.03.2020;RU3110204121814;635
20.03.2020;RU3110204121586;628
11.07.2020;RU3101100548752;333
11.07.2020;RU3111005048509;362
11.07.2020;RU3101100548531;446
11.07.2020;RU3101100548691;356
11.07.2020;RU3110204122501;362
11.07.2020;RU3110204122669;340
11.07.2020;RU3110204122886;382
11.07.2020;RU3110204122513;401
11.07.2020;RU3111005046294;360
11.07.2020;RU3101100548690;383
11.07.2020;RU3111005046302;345
12.07.2020;RU3101100546412;319
12.07.2020;RU3110204140871;356
12.07.2020;RU3110204122727;287
12.07.2020;RU3110204122654;338
12.07.2020;RU3101100548737;362
12.07.2020;RU3110204122617;340
12.07.2020;RU3111005048950;340
13.07.2020;RU3110204140851;335
13.07.2020;RU3110204122559;324
13.07.2020;RU3111005048957;290
13.07.2020;RU3101100546446;299
13.07.2020;RU3111005046332;324
13.07.2020;RU3110204122665;293
13.07.2020;RU3101100548708;333
13.07.2020;RU3101100548641;374
13.07.2020;RU3101100548572;330
13.07.2020;RU3101100548578;351
13.07.2020;RU3101100546512;297
13.07.2020;RU3111005046360;366
13.07.2020;RU3111005048859;340
13.07.2020;RU3110204122608;334
13.07.2020;RU3101100546422;290
13.07.2020;RU3101100546378;326
13.07.2020;RU3101100548615;360
14.07.2020;RU3111005046301;345
14.07.2020;RU3111005046375;282
14.07.2020;RU3101100546878;320
14.07.2020;RU3110204122729;287
14.07.2020;RU3101100548630;374
14.07.2020;RU3110204122580;309
14.07.2020;RU3101100547753;296
14.07.2020;RU3101100548546;405
15.07.2020;RU3110204140878;326
15.07.2020;RU3110204122541;295
15.07.2020;RU3101100546883;323
15.07.2020;RU3101100548573;377
16.07.2020;RU3111005048851;361
16.07.2020;RU3110204122575;360
16.07.2020;RU3101100546248;327
16.07.2020;RU3111005046357;360
16.07.2020;RU3101100548720;362
16.07.2020;RU3101100548674;331
16.07.2020;RU3110204122628;302
16.07.2020;RU3111005048854;339
16.07.2020;RU3101100548790;305
16.07.2020;RU3111005046275;318
16.07.2020;RU3111005046359;360
21.07.2020;RU3111005048982;349
21.07.2020;RU3111005048837;282
21.07.2020;RU3110204122870;294
21.07.2020;RU3110204122832;270
21.07.2020;RU3101100546463;276
21.07.2020;RU3110204122844;302
21.07.2020;RU3111005048877;333
21.07.2020;RU3110204122632;308
21.07.2020;RU3101100546986;356
21.07.2020;RU3110204122840;344
22.07.2020;RU3111005046272;364
22.07.2020;RU3110204122733;280
22.07.2020;RU3101100546529;312
22.07.2020;RU3101100546590;243
22.07.2020;RU3110204123168;212
22.07.2020;RU3110204140875;279
22.07.2020;RU3110204123172;198
22.07.2020;RU3101100547786;269
22.07.2020;RU3101100546730;197
22.07.2020;RU3101100547753;313
22.07.2020;RU3101100547803;222
23.07.2020;RU3101100546634;196
23.07.2020;RU3101100546566;265
25.07.2020;RU3101100546670;196
25.07.2020;RU3101100546588;194
25.07.2020;RU3101100546795;172
28.07.2020;RU3101100546681;183
28.07.2020;RU3110204122823;198
29.07.2020;RU3101100547066;131
29.07.2020;RU3110204122954;142
29.07.2020;RU3101100546855;180
29.07.2020;RU3101100547338;137
29.07.2020;RU3101100547340;125
29.07.2020;RU3101100547029;141
29.07.2020;RU3110204123294;150
29.07.2020;RU3110204123227;146
29.07.2020;RU3101100547297;152
29.07.2020;RU3110204123206;171
29.07.2020;RU3110204123340;133
29.07.2020;RU3101100547076;132
29.07.2020;RU3110204123313;150
31.07.2020;RU3101100547006;167
31.07.2020;RU3101100547403;97
31.07.2020;RU3101100547007;129
03.08.2020;RU3101100546248;358
03.08.2020;RU3101100548674;360
03.08.2020;RU3101100546991;339
03.08.2020;RU3101100546446;343
03.08.2020;RU3110204122885;376
03.08.2020;RU3111005048854;355
03.08.2020;RU3111005046359;380
03.08.2020;RU3101100547780;256
03.08.2020;RU3111005046275;337
03.08.2020;RU3110204122628;327
03.08.2020;RU3101100548790;322
04.08.2020;RU3110204122580;360
04.08.2020;RU3111005048950;378
04.08.2020;RU3111005048957;327
04.08.2020;RU3101100546412;341
04.08.2020;RU3110204122665;321
04.08.2020;RU3101100546378;360
04.08.2020;RU3110204122617;385
04.08.2020;RU3111005048382;362
04.08.2020;RU3101100546878;350
04.08.2020;RU3101100548708;360
05.08.2020;RU3110204122559;348
05.08.2020;RU3101100547762;300
05.08.2020;RU3101100546463;299
05.08.2020;RU3110204122729;317
05.08.2020;RU3110204122727;313
05.08.2020;RU3110204122541;313
07.08.2020;RU3111005048982;378
07.08.2020;RU3110204122840;361
07.08.2020;RU3110204122870;322
07.08.2020;RU3101100546986;376
10.08.2020;RU3101100548572;319
10.08.2020;RU3111005048877;360
10.08.2020;RU3101100546446;340
10.08.2020;RU3110204122844;325
10.08.2020;RU3110204122632;324
10.08.2020;RU3110204140878;346
10.08.2020;RU3110204122654;367
10.08.2020;RU3110204122832;301
10.08.2020;RU3110204122608;350
11.08.2020;RU3101100548578;373
11.08.2020;RU3111005046332;350
11.08.2020;RU3111005048859;372
11.08.2020;RU3110204140851;362
11.08.2020;RU3101100546512;317
11.08.2020;RU3101100546422;312
11.08.2020;RU3110204123172;202
11.08.2020;RU3110204122823;207
12.08.2020;RU3110204122733;298
12.08.2020;RU3101100546634;199
12.08.2020;RU3101100546654;198
12.08.2020;RU3101100546590;262
12.08.2020;RU3101100546588;216
12.08.2020;RU3110204140875;282
12.08.2020;RU3101100547786;272
12.08.2020;RU3101100546529;320
12.08.2020;RU3101100547753;337
12.08.2020;RU3101100547066;149
12.08.2020;RU3111005046375;300
12.08.2020;RU3110204123168;229
13.08.2020;RU3101100546566;275
13.08.2020;RU3111005046356;345
14.08.2020;RU3101100546855;185
14.08.2020;RU3101100546730;223
14.08.2020;RU3101100546670;229
14.08.2020;RU3101100547803;251
14.08.2020;RU3101100547108;191
14.08.2020;RU3101100546795;200
14.08.2020;RU3101100546681;201
15.08.2020;RU3101100548752;359
18.08.2020;RU3110204123227;174
18.08.2020;RU3101100547029;156
18.08.2020;RU3101100547340;147
18.08.2020;RU3110204123206;206
18.08.2020;RU3101100547297;176
18.08.2020;RU3110204123294;177
18.08.2020;RU3110204122954;162
18.08.2020;RU3110204123313;172
18.08.2020;RU3101100547076;150
18.08.2020;RU3101100547184;131
18.08.2020;RU3110204123340;154
18.08.2020;RU3101100547338;161
18.08.2020;RU3101100547006;195
20.08.2020;RU3111005048382;363
20.08.2020;RU3111005048846;288
20.08.2020;RU3101100549020;99
20.08.2020;RU3101100547246;99
20.08.2020;RU3101100546883;354
20.08.2020;RU3101100547249;101
20.08.2020;RU3101100547007;146
04.09.2020;RU3101100549837;107
04.09.2020;RU3101150166728;86
04.09.2020;RU3101090159406;104
08.09.2020;RU3110204122729;362
08.09.2020;RU3101100546512;357
08.09.2020;RU3101100546422;344
08.09.2020;RU3110204122870;339
08.09.2020;RU3111005046332;386
08.09.2020;RU3101100546529;336
08.09.2020;RU3110204122559;369
08.09.2020;RU3110204122665;353
08.09.2020;RU3110204122628;343
08.09.2020;RU3101100547753;380
08.09.2020;RU3111005046356;370
08.09.2020;RU3101100546878;372
08.09.2020;RU3111005046275;364
08.09.2020;RU3111005048957;350
08.09.2020;RU3101100546991;382
08.09.2020;RU3101100548790;340
08.09.2020;RU3110204122541;356
08.09.2020;RU3101100546412;369
09.09.2020;RU3111005048837;319
09.09.2020;RU3101100546590;283
09.09.2020;RU3101100546566;308
09.09.2020;RU3111005046375;323
09.09.2020;RU3110204140875;311
09.09.2020;RU3111005048846;322
09.09.2020;RU3101100547762;355
09.09.2020;RU3101090130418;314
09.09.2020;RU3101090156416;312
09.09.2020;RU3101090156215;372
09.09.2020;RU3101090156446;299
09.09.2020;RU3101150166490;287
09.09.2020;RU3101090156428;304
09.09.2020;RU3101150166301;311
09.09.2020;RU3101090130365;300
09.09.2020;RU3101090130388;285
09.09.2020;RU3101090156459;313
09.09.2020;RU3101090156380;315
09.09.2020;RU3101090156426;302
09.09.2020;RU3101090156460;322
09.09.2020;RU3101090130432;302
09.09.2020;RU3101090156255;373
09.09.2020;RU3101150166480;316
09.09.2020;RU3101090130386;318
10.09.2020;RU3101100547786;300
10.09.2020;RU3110204122632;343
10.09.2020;RU3110204122844;350
10.09.2020;RU3110204122608;386
10.09.2020;RU3101100546446;364
10.09.2020;RU3110204122733;341
10.09.2020;RU3101100546463;327
10.09.2020;RU3110204122832;317
10.09.2020;RU3110204140878;369
10.09.2020;RU3101100547803;274
10.09.2020;RU3101100547780;291
10.09.2020;RU3101100548572;339
14.09.2020;RU3101100549848;114
14.09.2020;RU3101100549803;99
14.09.2020;RU3101090157143;117
14.09.2020;RU3101090157153;124
14.09.2020;RU3101090159433;105
14.09.2020;RU3101090159430;127
14.09.2020;RU3101090159432;114
15.09.2020;RU3110204122727;349
15.09.2020;RU3110204123172;255
15.09.2020;RU3110204123168;260
15.09.2020;RU3110204122823;258
15.09.2020;RU3101100546654;233
15.09.2020;RU3101100546588;240
15.09.2020;RU3101100546730;257
16.09.2020;RU3110204122954;201
16.09.2020;RU3101100546670;271
16.09.2020;RU3101100546681;232
16.09.2020;RU3101100546634;245
17.09.2020;RU3110204123294;207
17.09.2020;RU3101100547066;191
17.09.2020;RU3110204123340;196
17.09.2020;RU3101100547184;164
17.09.2020;RU3101090130555;276
17.09.2020;RU3101090130486;285
17.09.2020;RU3101090130552;260
17.09.2020;RU3101090156620;283
17.09.2020;RU3101150166372;285
18.09.2020;RU3110204123206;254
18.09.2020;RU3101100547108;167
18.09.2020;RU3110204123313;207
18.09.2020;RU3101100546855;229
18.09.2020;RU3101100546795;245
18.09.2020;RU3101100547338;191
18.09.2020;RU3101100547297;213
18.09.2020;RU3101100547006;234
18.09.2020;RU3110204123227;220
21.09.2020;RU3101100549662;123
21.09.2020;RU3101090157103;96
21.09.2020;RU3101090157234;106
21.09.2020;RU3101090157223;107
21.09.2020;RU3101150166766;83
21.09.2020;RU3101150166743;113
22.09.2020;RU3101090156843;173
22.09.2020;RU3101090159131;152
22.09.2020;RU3101100547029;201
22.09.2020;RU3101090159160;154
22.09.2020;RU3101100547249;136
22.09.2020;RU3101100547340;188
22.09.2020;RU3101100547007;185
22.09.2020;RU3101090156832;110
22.09.2020;RU3101090156823;152
23.09.2020;RU3101100547592;153
23.09.2020;RU3101090159186;161
23.09.2020;RU3101090157221;151
23.09.2020;RU3101090159450;114
24.09.2020;RU3101100549020;132
24.09.2020;RU3101100547246;125
24.09.2020;RU3101100547403;153
24.09.2020;RU3101100549038;123
24.09.2020;RU3101100549089;130
24.09.2020;RU3101090157179;76
24.09.2020;RU3110204123302;214
24.09.2020;RU3110204123136;307
24.09.2020;RU3110204123272;227
24.09.2020;RU3110204123351;206
24.09.2020;RU3110204123291;203
24.09.2020;RU3110204123276;234
24.09.2020;RU3110204123341;250
24.09.2020;RU3110204123281;241
24.09.2020;RU3110204122960;169
24.09.2020;RU3101100547606;160
24.09.2020;RU3110204123377;178
24.09.2020;RU3110204122822;240
24.09.2020;RU3110204123373;170
24.09.2020;RU3110204123233;256
24.09.2020;RU3110204123044;264
25.09.2020;RU3101090156832;116
25.09.2020;RU3101100549103;112
25.09.2020;RU3101100549046;152
25.09.2020;RU3101100549779;123
25.09.2020;RU3101090156293;372
25.09.2020;RU3101090130242;362
25.09.2020;RU3101090130252;367
25.09.2020;RU3101090130286;366
25.09.2020;RU3101090130260;358
25.09.2020;RU3101150166455;362
27.09.2020;RU3110204123827;6,5 ЧЕРЕ
29.09.2020;RU3101100549999;74
29.09.2020;RU3101150166786;82
29.09.2020;RU3101090130311;377
29.09.2020;RU3101090130243;344
29.09.2020;RU3101090156304;371
29.09.2020;RU3101090130266;360
01.10.2020;RU3101100549197;100
01.10.2020;RU3101100549185;90
06.10.2020;RU3101100549440;84
09.10.2020;RU3111005046375;376
09.10.2020;RU3101100546566;342
09.10.2020;RU3110204140875;358
09.10.2020;RU3101100547786;350
09.10.2020;RU3101100546590;335
09.10.2020;RU3101100546878;426
09.10.2020;RU3110204122729;417
09.10.2020;RU3101100546463;365
09.10.2020;RU3101100547780;340
09.10.2020;RU3110204122844;417
09.10.2020;RU3101100546422;391
09.10.2020;RU3101100546529;388
09.10.2020;RU3101100546654;243
09.10.2020;RU3110204122665;407
09.10.2020;RU3110204122733;368
09.10.2020;RU3101100547803;310
09.10.2020;RU3101100546512;400
10.10.2020;RU3110204123168;281
10.10.2020;RU3101100546634;268
10.10.2020;RU3111005048846;366
10.10.2020;RU3110204123172;297
10.10.2020;RU3110204122727;390
10.10.2020;RU3110204122632;415
10.10.2020;RU3101100546670;306
10.10.2020;RU3101100547006;233
10.10.2020;RU3110204122832;362
10.10.2020;RU3101100547762;409
10.10.2020;RU3110204122823;290
10.10.2020;RU3111005048837;367
13.10.2020;RU3110204123719;86
13.10.2020;RU3101100546588;290
13.10.2020;RU3101090156843;204
13.10.2020;RU3101100547184;188
13.10.2020;RU3101100547108;205
13.10.2020;RU3101100546730;297
14.10.2020;RU3110204122954;220
14.10.2020;RU3110204123206;281
14.10.2020;RU3101100546681;272
14.10.2020;RU3101100546855;251
14.10.2020;RU3101100546795;266
14.10.2020;RU3101100547076;217
14.10.2020;RU3101100547297;236
14.10.2020;RU3101100547338;217
14.10.2020;RU3110204123313;238
14.10.2020;RU3101100547007;209
15.10.2020;RU3110204123340;229
15.10.2020;RU3101100547029;230
15.10.2020;RU3101100547340;215
15.10.2020;RU3110204123227;261
15.10.2020;RU3101100547066;233
15.10.2020;RU3110204123294;235
19.10.2020;RU3101090159160;185
19.10.2020;RU3101090156823;192
19.10.2020;RU3101100547249;160
19.10.2020;RU3101100547592;184
19.10.2020;RU3101090159186;187
19.10.2020;RU3101090159131;190
20.10.2020;RU3101100547246;136
20.10.2020;RU3101100549020;145
20.10.2020;RU3101100549046;174
20.10.2020;RU3101100549103;133
20.10.2020;RU3101100547403;180
20.10.2020;RU3101100549038;147
20.10.2020;RU3101100549089;156
20.10.2020;RU3101090156832;147
20.10.2020;RU3101090157179;94
21.10.2020;RU3101100549413;94
21.10.2020;RU3101100549197;137
21.10.2020;RU3101100549185;110
24.10.2020;RU3101100547629;145
26.10.2020;RU3110204123678;129
26.10.2020;RU3101100549440;98
26.10.2020;RU3110204123727;91
26.10.2020;RU3110204123719;97
26.10.2020;RU3110204123686;123
27.10.2020;RU3110204123743;106
09.11.2020;RU3101100546855;278
09.11.2020;RU3101100547803;353
09.11.2020;RU3110204123227;267
09.11.2020;RU3101100546590;361
09.11.2020;RU3101100546681;292
09.11.2020;RU3101100546566;366
09.11.2020;RU3101100546588;311
09.11.2020;RU3110204123172;328
09.11.2020;RU3110204123168;327
09.11.2020;RU3101100546654;308
11.11.2020;RU3110204123281;290
11.11.2020;RU3101100547786;396
11.11.2020;RU3110204122823;330
11.11.2020;RU3110204123351;264
11.11.2020;RU3110204123044;323
11.11.2020;RU3110204123302;260
13.11.2020;RU3110204123785;100
13.11.2020;RU3110204123771;119
13.11.2020;RU3110204123780;102
17.11.2020;RU3101100546730;303
17.11.2020;RU3110204122822;300
17.11.2020;RU3110204123233;321
17.11.2020;RU3110204123351;267
17.11.2020;RU3110204123281;292
17.11.2020;RU3110204123136;359
17.11.2020;RU3101100546634;309
17.11.2020;RU3101100547780;385
17.11.2020;RU3110204123291;260
17.11.2020;RU3110204123272;304
17.11.2020;RU3110204123276;296
17.11.2020;RU3110204123206;308
17.11.2020;RU3110204123302;267
17.11.2020;RU3110204123341;301
17.11.2020;RU3101100546795;300
18.11.2020;RU3101100547006;280
18.11.2020;RU3101100547629;218
18.11.2020;RU3101100547340;224
18.11.2020;RU3110204123294;244
18.11.2020;RU3110204123377;242
18.11.2020;RU3110204123373;220
19.11.2020;RU3101100547606;201
19.11.2020;RU3101100547076;257
19.11.2020;RU3110204122954;255
19.11.2020;RU3110204123313;269
19.11.2020;RU3101100547184;212
19.11.2020;RU3101100547108;250
19.11.2020;RU3101100546670;330
20.11.2020;RU3101090159186;228
20.11.2020;RU3101100547592;215
20.11.2020;RU3101100547297;272
20.11.2020;RU3101100547066;270
20.11.2020;RU3101100547338;254
20.11.2020;RU3101100547029;273
20.11.2020;RU3101090159131;214
20.11.2020;RU3101090156823;213
20.11.2020;RU3101100547403;213
20.11.2020;RU3101100547007;256
20.11.2020;RU3101090159160;218
20.11.2020;RU3110204122960;191
20.11.2020;RU3110204123340;235
24.11.2020;RU3101100549779;195
24.11.2020;RU3101100549046;224
24.11.2020;RU3101100547249;197
24.11.2020;RU3101100549089;200
24.11.2020;RU3101100549038;190
25.11.2020;RU3101100549197;180
25.11.2020;RU3101090156832;163
25.11.2020;RU3101100549185;137
25.11.2020;RU3101100547246;192
25.11.2020;RU3101100549103;186
25.11.2020;RU3101090157172;171
25.11.2020;RU3101100549020;199
26.11.2020;RU3101090157179;125
26.11.2020;RU3101100549252;144
26.11.2020;RU3101100549248;138
26.11.2020;RU3101100549215;135
27.11.2020;RU3110204123785;119
27.11.2020;RU3110204123771;135
27.11.2020;RU3110204123780;119
27.11.2020;RU3101100549296;122
27.11.2020;RU3111005170040;97
27.11.2020;RU3111005170076;108
01.12.2020;RU3110204123810;90
09.12.2020;RU3110204123341;313
09.12.2020;RU3110204123227;295
09.12.2020;RU3101100547338;260
09.12.2020;RU3101100546634;330
09.12.2020;RU3110204123233;330
09.12.2020;RU3101100546795;323
09.12.2020;RU3110204122823;334
09.12.2020;RU3110204123044;330
09.12.2020;RU3110204123272;320
09.12.2020;RU3110204123206;317
09.12.2020;RU3101100546855;302
10.12.2020;RU3110204123302;287
10.12.2020;RU3110204122822;330
10.12.2020;RU3101100546730;315
10.12.2020;RU3110204123172;339
10.12.2020;RU3110204123351;278
10.12.2020;RU3110204123168;354
10.12.2020;RU3101100547076;265
10.12.2020;RU3101100546588;320
10.12.2020;RU3101100546654;330
10.12.2020;RU3101100546681;321
10.12.2020;RU3110204123313;269
10.12.2020;RU3101100547006;310
11.12.2020;RU3101100549020;208
11.12.2020;RU3101100547629;225
11.12.2020;RU3101100547108;269
11.12.2020;RU3110204123291;271
11.12.2020;RU3101100547297;280
11.12.2020;RU3101100547066;290
11.12.2020;RU3110204123340;250
11.12.2020;RU3101090156843;240
14.12.2020;RU3110204122954;257
14.12.2020;RU3110204123294;261
14.12.2020;RU3110204123377;243
14.12.2020;RU3101100546670;352
14.12.2020;RU3101100547029;280
14.12.2020;RU3110204123839;80
14.12.2020;RU3110204123827;106
16.12.2020;RU3101100547340;240
16.12.2020;RU3110204123373;240
16.12.2020;RU3101090159160;236
16.12.2020;RU3101100549046;251
16.12.2020;RU3101090159131;228
16.12.2020;RU3101100547403;217
16.12.2020;RU3101090156823;229
16.12.2020;RU3101100547249;226
16.12.2020;RU3101100549779;210
16.12.2020;RU3101100547184;225
16.12.2020;RU3101100549038;210
16.12.2020;RU3101090159186;250
16.12.2020;RU3110204122960;200
17.12.2020;RU3101100547007;275
17.12.2020;RU3101100549089;213
17.12.2020;RU3101100547606;212
17.12.2020;RU3101100547592;241
18.12.2020;RU3101100547246;215
18.12.2020;RU3101090156832;196
18.12.2020;RU3101100549248;161
18.12.2020;RU3101090157172;196
18.12.2020;RU3101100549252;170
18.12.2020;RU3101100549296;141
18.12.2020;RU3101100549215;150
18.12.2020;RU3101100549197;203
18.12.2020;RU3101100549103;222
18.12.2020;RU3101100549185;166
18.12.2020;RU3101100549413;147
21.12.2020;RU3111005170040;106
21.12.2020;RU3111005170076;130
21.12.2020;RU3101090157179;150
22.12.2020;RU3110204123116;381
22.12.2020;RU3110204123106;361
29.12.2020;RU3110204123856;74
29.12.2020;RU3110204122079;722
29.12.2020;RU3110204123858;86
30.12.2020;RU3110204121159;715
31.12.2020;RU3110204122190;621
01.01.2021;RU3101100502663;805
03.01.2021;RU3110204130750;715
03.01.2021;RU3110204130707;673
04.01.2021;RU3110204122094;709
07.01.2021;RU3110204123888;84
07.01.2021;RU3110204121530;606
08.01.2021;RU3110204130711;629
10.01.2021;RU3110204140517;514
11.01.2021;RU3110204120946;599
11.01.2021;RU3110204110017;614
12.01.2021;RU3110204122235;528
12.01.2021;RU3110204130761;694
12.01.2021;RU3110204122823;356
12.01.2021;RU3110204123272;324
12.01.2021;RU3110204123233;332
12.01.2021;RU3101100546588;330
12.01.2021;RU3101100546654;338
12.01.2021;RU3110204123172;342
12.01.2021;RU3101100546795;328
12.01.2021;RU3110204123281;306
12.01.2021;RU3110204123168;337
12.01.2021;RU3101100546634;336
12.01.2021;RU3101100546730;321
12.01.2021;RU3110204123206;330
12.01.2021;RU3101100546681;323
13.01.2021;RU3110204121505;562
13.01.2021;RU3110204140746;569
14.01.2021;RU3110204122960;233
14.01.2021;RU3101100547249;230
15.01.2021;RU3110204123373;277
15.01.2021;RU3101100547006;315
15.01.2021;RU3101100547297;295
15.01.2021;RU3110204123341;318
15.01.2021;RU3101100546855;309
15.01.2021;RU3101100547108;283
16.01.2021;RU3110204121515;687
17.01.2021;RU3110204122189;556
18.01.2021;RU3110204122416;556
18.01.2021;RU3110204122068;680
18.01.2021;RU3110204121563;735
19.01.2021;RU3110204130528;799
20.01.2021;RU3101100549296;175
20.01.2021;RU3101090159131;250
20.01.2021;RU3110204123313;290
20.01.2021;RU3101100549163;183
20.01.2021;RU3101100549413;182
20.01.2021;RU3101100549248;180
20.01.2021;RU3110204123743;188
20.01.2021;RU3111005170076;166
20.01.2021;RU3101100549038;240
20.01.2021;RU3101100549252;206
20.01.2021;RU3110204123340;270
20.01.2021;RU3101100549215;172
21.01.2021;RU3110204120908;772
22.01.2021;RU3110204122175;528
22.01.2021;RU3110204122304;556
23.01.2021;RU3110204120118;636
25.01.2021;RU3110204122355;517
25.01.2021;RU3110204120272;742
25.01.2021;RU3111005170133;141
25.01.2021;RU3111005170040;143
25.01.2021;RU3111005170083;131
25.01.2021;RU3111005160006;157
25.01.2021;RU3111005160023;145
25.01.2021;RU3101090157179;189
25.01.2021;RU3111005160018;153
26.01.2021;RU3111005160051;128
26.01.2021;RU3111005170154;121
26.01.2021;RU3111005170107;122
26.01.2021;RU3111005160050;127
27.01.2021;RU3101100546670;361
27.01.2021;RU3101100549046;240
27.01.2021;RU3110204123294;276
27.01.2021;RU3101100547184;243
27.01.2021;RU3110204123291;290
27.01.2021;RU3101090156823;250
27.01.2021;RU3110204122954;279
27.01.2021;RU3101100547606;240
28.01.2021;RU3110204120380;651
29.01.2021;RU3110204123302;296
29.01.2021;RU3101100547066;310
29.01.2021;RU3101090159160;255
29.01.2021;RU3110204122822;336
29.01.2021;RU3101100547606;244
29.01.2021;RU3101100549020;230
29.01.2021;RU3101100547029;312
29.01.2021;RU3101100547338;278
29.01.2021;RU3101100547403;240
29.01.2021;RU3101090159186;276
29.01.2021;RU3110204123351;279
29.01.2021;RU3101100549185;200
29.01.2021;RU3101100547076;284
29.01.2021;RU3101100547007;285
29.01.2021;RU3110204123373;250
29.01.2021;RU3101100549046;246
30.01.2021;RU3110204123678;225
30.01.2021;RU3101090159474;237
30.01.2021;RU3101100549156;238
30.01.2021;RU3101100549103;250
30.01.2021;RU3101100549144;221
30.01.2021;RU3101090159466;230
30.01.2021;RU3101100547340;275
30.01.2021;RU3110204123276;315
30.01.2021;RU3101100547592;265
30.01.2021;RU3101100549440;203
30.01.2021;RU3110204123719;200
30.01.2021;RU3101090159441;239
30.01.2021;RU3101100549168;206
30.01.2021;RU3101100549197;214
30.01.2021;RU3101100549185;193
30.01.2021;RU3101090156843;274
30.01.2021;RU3101090156832;227
30.01.2021;RU3110204123377;281
30.01.2021;RU3101100549089;239
30.01.2021;RU3101090157172;226
30.01.2021;RU3101090159457;223
30.01.2021;RU3101100547629;248
30.01.2021;RU3101100547246;238
30.01.2021;RU3101100549779;220
30.01.2021;RU3110204123686;214
31.01.2021;RU3110204012874;644
31.01.2021;RU3110204123743;194
01.02.2021;RU3110204120615;701
01.02.2021;RU3110204122201;569
02.02.2021;RU3110204121217;729
02.02.2021;RU3110204122225;556
02.02.2021;RU3110204120919;623
04.02.2021;RU3110204123272;331
04.02.2021;RU3110204123206;357
04.02.2021;RU3101100546588;345
04.02.2021;RU3110204123168;337
04.02.2021;RU3101100546654;356
04.02.2021;RU3101100546795;330
04.02.2021;RU3110204123233;347
04.02.2021;RU3101100546670;371
04.02.2021;RU3101100546634;356
04.02.2021;RU3101100546730;344
04.02.2021;RU3110204123172;384
04.02.2021;RU3101100546681;339
06.02.2021;RU3110204140500;564
07.02.2021;RU3110204121589;621
07.02.2021;RU3110204122358;540
07.02.2021;RU3110204122370;504
07.02.2021;RU3110204121341;602
08.02.2021;RU3110204121520;636
10.02.2021;RU3110204122374;552
11.02.2021;RU3110204121442;636
11.02.2021;RU3110204123044;366
11.02.2021;RU3110204123341;324
11.02.2021;RU3101100547006;345
11.02.2021;RU3101100546855;349
11.02.2021;RU3110204123281;330
13.02.2021;RU3110204122379;518
15.02.2021;RU3110204122277;626
15.02.2021;RU3110204123351;305
15.02.2021;RU3101100547066;332
15.02.2021;RU3101100547338;303
16.02.2021;RU3101090156823;269
16.02.2021;RU3110204123373;264
16.02.2021;RU3101100547076;317
16.02.2021;RU3101100547029;330
16.02.2021;RU3101100547297;305
16.02.2021;RU3110204123340;300
16.02.2021;RU3110204123294;317
16.02.2021;RU3101100547108;320
16.02.2021;RU3101100547007;297
16.02.2021;RU3110204123313;325
16.02.2021;RU3110204122954;312
16.02.2021;RU3110204123302;317
16.02.2021;RU3110204123291;318
16.02.2021;RU3101100547184;269
17.02.2021;RU3110204130442;742
17.02.2021;RU3110204122336;563
17.02.2021;RU3101100549046;265
17.02.2021;RU3101100547340;303
17.02.2021;RU3101100547606;265
17.02.2021;RU3110204123276;351
17.02.2021;RU3101100547592;293
17.02.2021;RU3101090156843;298
17.02.2021;RU3101100549020;254
18.02.2021;RU3111005046015;562
18.02.2021;RU3110204122398;547
18.02.2021;RU3101100548263;579
18.02.2021;RU3101090159160;284
18.02.2021;RU3101100549144;242
18.02.2021;RU3110204123719;227
18.02.2021;RU3101090159186;305
18.02.2021;RU3101090159457;249
18.02.2021;RU3110204122960;260
18.02.2021;RU3101090159451;268
18.02.2021;RU3101100549089;268
18.02.2021;RU3101100549197;230
18.02.2021;RU3110204123377;310
18.02.2021;RU3101100547629;272
18.02.2021;RU3110204123686;234
18.02.2021;RU3101100549779;244
18.02.2021;RU3101090159466;245
18.02.2021;RU3101100547403;267
18.02.2021;RU3101090159474;260
18.02.2021;RU3101100549038;260
19.02.2021;RU3101100548285;547
19.02.2021;RU3101100547246;260
19.02.2021;RU3101100549296;195
19.02.2021;RU3101100549252;233
19.02.2021;RU3101100549103;251
19.02.2021;RU3110204123678;250
19.02.2021;RU3101100549168;216
19.02.2021;RU3101090157179;217
19.02.2021;RU3101090157172;240
19.02.2021;RU3110204123743;211
19.02.2021;RU3101100549248;206
19.02.2021;RU3101100549215;172
19.02.2021;RU3101100549185;216
19.02.2021;RU3101100549413;206
19.02.2021;RU3101100549163;214
19.02.2021;RU3101100549149;230
19.02.2021;RU3101100549440;217
19.02.2021;RU3101100547249;253
19.02.2021;RU3101090159441;260
20.02.2021;RU3111005170133;170
20.02.2021;RU3111005160051;166
20.02.2021;RU3111005170040;175
20.02.2021;RU3111005170076;201
20.02.2021;RU3111005160023;163
20.02.2021;RU3111005160018;186
20.02.2021;RU3111005170083;158
20.02.2021;RU3111005170154;140
20.02.2021;RU3111005160006;179
20.02.2021;RU3111005160050;143
20.02.2021;RU3111005170107;147
21.02.2021;RU3101100502843;659
21.02.2021;RU3110204121362;715
23.02.2021;RU3110204130324;694
24.02.2021;RU3110204130785;666
24.02.2021;RU3110204130348;715
24.02.2021;RU3110204122271;542
24.02.2021;RU3111005170254;119
24.02.2021;RU3101090159131;293
24.02.2021;RU3111005160113;130
24.02.2021;RU3111005160074;134
24.02.2021;RU3111005160105;121
25.02.2021;RU3110204122302;552
25.02.2021;RU3110204122301;666
25.02.2021;RU3110204121623;754
26.02.2021;RU3110204121689;556
26.02.2021;RU3110204121265;571
26.02.2021;RU3110204140779;511
27.02.2021;RU3110204122386;546
27.02.2021;RU3110204130971;606
28.02.2021;RU3110204121580;584
28.02.2021;RU3110204121081;742
01.03.2021;RU3110204122319;651
02.03.2021;RU3110204122396;512
04.03.2021;RU3110204140584;687
06.03.2021;RU3110204122410;533
07.03.2021;RU3110204122365;538
07.03.2021;RU3110204130041;738
08.03.2021;RU3110204122402;523
10.03.2021;RU3110204140559;531
10.03.2021;RU3101100547029;360
10.03.2021;RU3101100547066;355
10.03.2021;RU3110204123276;370
10.03.2021;RU3110204123206;385
10.03.2021;RU3101100546730;376
10.03.2021;RU3101100546634;407
10.03.2021;RU3110204123233;378
10.03.2021;RU3101100546795;363
10.03.2021;RU3110204123272;376
10.03.2021;RU3110204123168;385
10.03.2021;RU3101100546681;356
10.03.2021;RU3101100546588;369
10.03.2021;RU3101100546654;407
10.03.2021;RU3110204123227;357
12.03.2021;RU3110204123341;363
12.03.2021;RU3101100546855;381
12.03.2021;RU3110204123281;357
12.03.2021;RU3101100547006;377
13.03.2021;RU3110204130485;780
14.03.2021;RU3110204122421;506
15.03.2021;RU3110204130470;744
16.03.2021;RU3110204123018;313
16.03.2021;RU3101100547731;322
16.03.2021;RU3101100549953;254
16.03.2021;RU3101100549893;280
16.03.2021;RU3101090157318;278
16.03.2021;RU3101100516325;694
17.03.2021;RU3101100549961;267
17.03.2021;RU3101100549857;257
18.03.2021;RU3101100547338;322
18.03.2021;RU3101100547297;340
18.03.2021;RU3101090159186;338
18.03.2021;RU3101100547340;334
18.03.2021;RU3110204130498;679
19.03.2021;RU3110204123340;328
19.03.2021;RU3110204123291;356
19.03.2021;RU3110204123313;351
19.03.2021;RU3110204122954;341
19.03.2021;RU3110204123302;344
19.03.2021;RU3110204123351;323
19.03.2021;RU3101100547108;344
19.03.2021;RU3101100547076;355
19.03.2021;RU3110204123294;342
20.03.2021;RU3110204123018;320
20.03.2021;RU3101100547592;307
20.03.2021;RU3101100547606;291
20.03.2021;RU3101100549893;304
20.03.2021;RU3101090157318;303
20.03.2021;RU3101100547731;337
20.03.2021;RU3101100549046;291
20.03.2021;RU3110204123377;338
20.03.2021;RU3101090159160;308
20.03.2021;RU3101100547007;319
20.03.2021;RU3101100547184;291
20.03.2021;RU3101100549020;269
20.03.2021;RU3101100547629;291
20.03.2021;RU3110204123373;283
20.03.2021;RU3101100549953;271
20.03.2021;RU3101090156823;290
20.03.2021;RU3101090156843;322
20.03.2021;RU3101100549857;273
20.03.2021;RU3101100549961;285
23.03.2021;RU3110204120555;704
23.03.2021;RU3101090159457;280
23.03.2021;RU3101100549144;255
23.03.2021;RU3101100549252;268
23.03.2021;RU3110204140568;606
23.03.2021;RU3101100547246;296
23.03.2021;RU3101100549038;285
23.03.2021;RU3101100547403;285
23.03.2021;RU3101090159474;297
23.03.2021;RU3101100549197;260
23.03.2021;RU3110204123719;270
23.03.2021;RU3101090157172;265
23.03.2021;RU3101090159441;296
23.03.2021;RU3111501009812;764
23.03.2021;RU3101100549103;280
23.03.2021;RU3101100549779;264
23.03.2021;RU3110204122960;294
23.03.2021;RU3101100549149;265
23.03.2021;RU3101090159451;283
23.03.2021;RU3101100547249;278
23.03.2021;RU3101090156832;256
23.03.2021;RU3101100549089;283
23.03.2021;RU3110204123686;265
23.03.2021;RU3101090159466;277
23.03.2021;RU3101100549156;274
24.03.2021;RU3110204123743;257
24.03.2021;RU3101100549215;177
24.03.2021;RU3101100549168;254
24.03.2021;RU3101090157179;240
24.03.2021;RU3101100549248;238
24.03.2021;RU3101100549185;254
24.03.2021;RU3101100549296;223
24.03.2021;RU3101100549413;234
24.03.2021;RU3101100549440;253
24.03.2021;RU3101100549163;242
25.03.2021;RU3111005160006;221
25.03.2021;RU3111005170040;203
25.03.2021;RU3111005170133;210
25.03.2021;RU3111005160074;162
25.03.2021;RU3111005160023;193
25.03.2021;RU3111005170083;194
25.03.2021;RU3111005170107;185
25.03.2021;RU3111005170076;240
25.03.2021;RU3111005160018;230
25.03.2021;RU3111005160051;203
25.03.2021;RU3111005160050;180
25.03.2021;RU3111005170154;175
26.03.2021;RU3111005160053;171
26.03.2021;RU3111005160113;169
26.03.2021;RU3111005160105;133
27.03.2021;RU3110204130811;647
29.03.2021;RU3110204120968;827
30.03.2021;RU3101100547614;371
30.03.2021;RU3101090159173;373
30.03.2021;RU3101100547618;371
30.03.2021;RU3101090159114;371
30.03.2021;RU3101100547582;375
30.03.2021;RU3101100547544;375
30.03.2021;RU3101100547394;378
31.03.2021;RU3110204130677;647
02.04.2021;RU3110204121053;706
02.04.2021;RU3110204130155;766
02.04.2021;RU3110204121605;547
02.04.2021;RU3101090120953;504
03.04.2021;RU3101150166151;528
05.04.2021;RU3110204122071;694
08.04.2021;RU3110204123340;352
08.04.2021;RU3101100547338;358
08.04.2021;RU3101100547297;358
08.04.2021;RU3101100549020;330
08.04.2021;RU3101100547340;357
08.04.2021;RU3110204123351;349
08.04.2021;RU3101090159186;367
09.04.2021;RU3110204121524;754
09.04.2021;RU3101100547592;336
09.04.2021;RU3101090156843;328
09.04.2021;RU3110204123313;380
09.04.2021;RU3110204123302;368
09.04.2021;RU3101100547108;372
09.04.2021;RU3110204123291;367
11.04.2021;RU3110204122451;651
12.04.2021;RU3101100502763;747
13.04.2021;RU3101100548590;591
13.04.2021;RU3110204140769;629
13.04.2021;RU3101100548560;629
13.04.2021;RU3110204122475;644
14.04.2021;RU3101100546681;398
14.04.2021;RU3110204123341;417
14.04.2021;RU3110204123377;365
14.04.2021;RU3101100547066;403
14.04.2021;RU3110204123276;407
14.04.2021;RU3101100547029;387
14.04.2021;RU3101100546588;410
14.04.2021;RU3101100547731;351
14.04.2021;RU3110204123227;407
14.04.2021;RU3101100546795;417
14.04.2021;RU3110204123281;404
15.04.2021;RU3110204121616;623
15.04.2021;RU3110204123294;369
15.04.2021;RU3101100547076;387
16.04.2021;RU3101150166627;377
16.04.2021;RU3101100547355;386
16.04.2021;RU3101150166643;381
16.04.2021;RU3101090156880;370
16.04.2021;RU3101100547577;372
16.04.2021;RU3101100547436;369
21.04.2021;RU3110204121669;552
21.04.2021;RU3110204121586;538
21.04.2021;RU3111005003775;788
21.04.2021;RU3110204121798;633
21.04.2021;RU3101100547007;366
21.04.2021;RU3101090157318;318
21.04.2021;RU3110204123018;342
22.04.2021;RU3110204123780;303
22.04.2021;RU3110204123771;331
22.04.2021;RU3101100549961;311
22.04.2021;RU3101100549144;271
22.04.2021;RU3101100549779;301
22.04.2021;RU3101100549857;279
22.04.2021;RU3101100547629;321
22.04.2021;RU3101100549156;291
22.04.2021;RU3101100549020;302
22.04.2021;RU3101100549046;304
22.04.2021;RU3101100547403;295
22.04.2021;RU3101100549197;283
22.04.2021;RU3101100549089;314
22.04.2021;RU3110204123678;293
22.04.2021;RU3101100547184;322
22.04.2021;RU3101090159160;343
23.04.2021;RU3111005017218;556
23.04.2021;RU3110204123719;293
23.04.2021;RU3101090156823;324
23.04.2021;RU3101100549893;316
23.04.2021;RU3101090159131;360
23.04.2021;RU3101090159474;306
23.04.2021;RU3101100547606;342
23.04.2021;RU3110204122960;320
23.04.2021;RU3101090159457;296
23.04.2021;RU3101100549038;315
24.04.2021;RU3101090159466;325
24.04.2021;RU3101100547249;316
24.04.2021;RU3101100549103;295
24.04.2021;RU3110204123743;285
24.04.2021;RU3101100549248;272
24.04.2021;RU3101100549252;280
24.04.2021;RU3101100549149;310
24.04.2021;RU3101100549168;287
24.04.2021;RU3101100549185;283
24.04.2021;RU3101100549440;286
24.04.2021;RU3101090156832;281
24.04.2021;RU3110204123686;316
24.04.2021;RU3101090159451;329
26.04.2021;RU3110204122914;598
26.04.2021;RU3111005170133;253
26.04.2021;RU3111005160006;252
26.04.2021;RU3111005160051;208
26.04.2021;RU3111005170083;196
26.04.2021;RU3111005160018;249
26.04.2021;RU3111005160050;193
26.04.2021;RU3111005160023;217
27.04.2021;RU3110204130748;644
27.04.2021;RU3110204140610;556
27.04.2021;RU3110204123827;262
27.04.2021;RU3111005170076;277
27.04.2021;RU3111005170040;225
27.04.2021;RU3110204123839;249
27.04.2021;RU3110204123858;209
27.04.2021;RU3101100549163;283
27.04.2021;RU3101090157179;282
27.04.2021;RU3101100549296;283
27.04.2021;RU3111005170107;201
27.04.2021;RU3110204123810;270
27.04.2021;RU3101100549413;280
28.04.2021;RU3111005160053;199
28.04.2021;RU3111005170343;151
28.04.2021;RU3111005170154;213
28.04.2021;RU3111005170254;208
28.04.2021;RU3111005160113;200
28.04.2021;RU3111005160105;145
28.04.2021;RU3111005160074;197
30.04.2021;RU3110204110039;653
01.05.2021;RU3110204121666;571
03.05.2021;RU3110204121709;687
04.05.2021;RU3110204121709;687
04.05.2021;RU3110204120440;621
05.05.2021;RU3110204140565;694
06.05.2021;RU3110204130821;565
07.05.2021;RU3101100548297;552
07.05.2021;RU3110204121760;556
07.05.2021;RU3111005017791;577
08.05.2021;RU3110204121770;500
09.05.2021;RU3110204140593;666
09.05.2021;RU3110204121708;621
09.05.2021;RU3110204122468;594
09.05.2021;RU3101100548588;573
12.05.2021;RU3110204123294;408
12.05.2021;RU3101090156843;350
12.05.2021;RU3110204123302;424
12.05.2021;RU3110204123291;400
12.05.2021;RU3101100547592;368
12.05.2021;RU3110204122954;389
12.05.2021;RU3101100547108;407
13.05.2021;RU3101100547297;400
13.05.2021;RU3101090159186;405
13.05.2021;RU3110204123377;408
14.05.2021;RU3110204121090;687
14.05.2021;RU3101100547731;361
14.05.2021;RU3101100547340;385
14.05.2021;RU3101100547606;354
14.05.2021;RU3101090159441;349
14.05.2021;RU3110204123373;336
14.05.2021;RU3101090159160;366
14.05.2021;RU3101100547007;390
14.05.2021;RU3110204123351;367
14.05.2021;RU3110204123340;360
14.05.2021;RU3101100547629;341
15.05.2021;RU3101100502880;629
15.05.2021;RU3110204121758;644
18.05.2021;RU3110204140519;704
18.05.2021;RU3101090159457;311
18.05.2021;RU3101100549779;325
18.05.2021;RU3101100549961;351
18.05.2021;RU3101090157318;352
18.05.2021;RU3110204123719;312
18.05.2021;RU3101100549893;353
18.05.2021;RU3101100549046;360
18.05.2021;RU3101100549020;330
18.05.2021;RU3101100549038;341
18.05.2021;RU3101090159474;326
18.05.2021;RU3101100549089;341
18.05.2021;RU3101090156823;338
18.05.2021;RU3110204122960;347
18.05.2021;RU3101100547184;334
18.05.2021;RU3110204123018;344
19.05.2021;RU3111005017219;552
20.05.2021;RU3111005017438;555
20.05.2021;RU3101100549252;304
20.05.2021;RU3101100549168;320
20.05.2021;RU3101100549185;295
20.05.2021;RU3101090156832;314
20.05.2021;RU3110204123743;318
20.05.2021;RU3101100547403;337
20.05.2021;RU3101100549149;344
20.05.2021;RU3110204123678;339
20.05.2021;RU3101090159466;353
20.05.2021;RU3110204123686;357
20.05.2021;RU3101100549103;322
20.05.2021;RU3101100549857;313
20.05.2021;RU3101090159451;370
20.05.2021;RU3101100547249;341
20.05.2021;RU3101100549248;308
21.05.2021;RU3110204120505;614
21.05.2021;RU3110204121469;622
23.05.2021;RU3110204130803;620
23.05.2021;RU3111005017772;666
24.05.2021;RU3111005017887;630
25.05.2021;RU3110204120912;612
26.05.2021;RU3101100503376;-
29.05.2021;RU3101100549163;332
29.05.2021;RU3111005170343;180
29.05.2021;RU3101100549413;311
29.05.2021;RU3110204123810;291
29.05.2021;RU3110204123858;243
29.05.2021;RU3111005160018;286
29.05.2021;RU3101100549197;330
29.05.2021;RU3110204123827;290
29.05.2021;RU3101100549953;333
29.05.2021;RU3110204123839;261
30.05.2021;RU3110204121809;606
30.05.2021;RU3101100549215;213
30.05.2021;RU3111005170107;235
30.05.2021;RU3111005170254;243
31.05.2021;RU3110204121701;709
01.06.2021;RU3110204130189;666
02.06.2021;RU3110204121113;673
02.06.2021;RU3110204121120;623
02.06.2021;RU3110204121688;616
02.06.2021;RU3110204121688;621
02.06.2021;RU3110204120967;644
03.06.2021;RU3110204121010;666
03.06.2021;RU3110204123136;480
03.06.2021;RU3101100548674;613
03.06.2021;RU3101100546566;524
03.06.2021;RU3101100546412;630
03.06.2021;RU3101100546986;638
03.06.2021;RU3110204122832;568
03.06.2021;RU3111005048837;526
03.06.2021;RU3101100546512;638
03.06.2021;RU3101100547803;529
03.06.2021;RU3101100548572;560
03.06.2021;RU3101100547762;596
03.06.2021;RU3101100546590;518
03.06.2021;RU3110204122844;565
03.06.2021;RU3110204122541;585
04.06.2021;RU3110204122793;590
06.06.2021;RU3110204140532;552
07.06.2021;RU3111005017043;701
09.06.2021;RU3110204140851;555
09.06.2021;RU3110204120766;612
10.06.2021;RU3110204121553;692
11.06.2021;RU3110204130913;598
11.06.2021;RU3111005017138;606
11.06.2021;RU3111005003610;701
12.06.2021;RU3110204140649;591
14.06.2021;RU3110204130369;556
15.06.2021;RU3110204130493;701
19.06.2021;RU3110204121962;612
20.06.2021;RU3110204121158;547
20.06.2021;RU3110204121897;701
21.06.2021;RU3110204123888;273
21.06.2021;RU3110204123856;278
21.06.2021;RU3101100549149;361
21.06.2021;RU3101100549103;347
21.06.2021;RU3110204123771;369
21.06.2021;RU3101100549163;340
21.06.2021;RU3101090159451;384
21.06.2021;RU3101100549961;380
21.06.2021;RU3110204123780;341
21.06.2021;RU3110204123743;347
21.06.2021;RU3101100549893;389
21.06.2021;RU3101100549038;380
21.06.2021;RU3101100547249;378
21.06.2021;RU3101090159474;370
21.06.2021;RU3101100549197;343
21.06.2021;RU3101100549953;350
21.06.2021;RU3110204123686;382
22.06.2021;RU3110204123921;267
22.06.2021;RU3101090157318;380
22.06.2021;RU3110204123373;370
22.06.2021;RU3101100549779;368
22.06.2021;RU3101100549089;370
22.06.2021;RU3101090159441;390
22.06.2021;RU3101100547403;373
22.06.2021;RU3110204123678;364
23.06.2021;RU3101100547184;393
23.06.2021;RU3101100549046;395
23.06.2021;RU3110204122960;393
23.06.2021;RU3110204123719;348
23.06.2021;RU3101100549020;352
23.06.2021;RU3101090156823;368
23.06.2021;RU3101090159457;355
24.06.2021;RU3111005160018;309
24.06.2021;RU3101090156832;316
24.06.2021;RU3101090157172;348
24.06.2021;RU3101100549248;350
24.06.2021;RU3111005170076;345
24.06.2021;RU3110204140878;614
24.06.2021;RU3110204122685;538
24.06.2021;RU3110204121835;552
24.06.2021;RU3101100549252;343
24.06.2021;RU3101100549185;329
24.06.2021;RU3101100549296;359
24.06.2021;RU3101100549144;344
24.06.2021;RU3101090157179;340
25.06.2021;RU3110204140955;632
25.06.2021;RU3101100549857;349
25.06.2021;RU3111005170040;287
25.06.2021;RU3111005160053;242
25.06.2021;RU3111005160023;285
25.06.2021;RU3110204123839;304
25.06.2021;RU3101100549168;350
25.06.2021;RU3101100549413;342
25.06.2021;RU3111005170154;269
25.06.2021;RU3111005170083;284
25.06.2021;RU3111005160074;247
25.06.2021;RU3111005160050;260
28.06.2021;RU3110204123827;310
28.06.2021;RU3111005170133;315
28.06.2021;RU3111005160006;307
28.06.2021;RU3111005160105;227
28.06.2021;RU3101100549215;253
29.06.2021;RU3111005160113;241
29.06.2021;RU3110204122870;584
29.06.2021;RU3111005170343;222
29.06.2021;RU3110204123856;190
30.06.2021;RU3110204122652;500
30.06.2021;RU3111005160051;241
30.06.2021;RU3110204123810;339
30.06.2021;RU3110204123921;273
04.07.2021;RU3110204121993;701
04.07.2021;RU3110204140891;538
04.07.2021;RU3110204140644;644
07.07.2021;RU3110204140665;671
07.07.2021;RU3110204121074;701
08.07.2021;RU3110204130629;760
09.07.2021;RU3111005017158;748
10.07.2021;RU3110204140961;552
10.07.2021;RU3110204121263;788
13.07.2021;RU3110204121768;667
13.07.2021;RU3101090130228;674
13.07.2021;RU3110204121073;704
15.07.2021;RU3110204121569;674
15.07.2021;RU3110204122608;577
16.07.2021;RU3110204121546;687
16.07.2021;RU3110204122885;629
17.07.2021;RU3110204140957;612
17.07.2021;RU3110204122654;581
18.07.2021;RU3110204122729;614
19.07.2021;RU3110204120469;724
20.07.2021;RU3110204122761;523
20.07.2021;RU3101090156245;500
20.07.2021;NL0658637285;556
21.07.2021;RU3101100549163;380
21.07.2021;RU3101100549103;391
21.07.2021;RU3101100549197;390
21.07.2021;RU3110204123743;395
21.07.2021;RU3101100549156;395
21.07.2021;RU3101090159474;420
21.07.2021;RU3101100549953;376
21.07.2021;RU3101090159160;413
21.07.2021;RU3101100549149;410
21.07.2021;RU3110204123018;422
21.07.2021;RU3110204123780;381
21.07.2021;RU3101100549961;405
22.07.2021;RU3110204120164;701
22.07.2021;RU3111005017803;871
23.07.2021;RU3110204121680;712
23.07.2021;RU3101090156266;587
23.07.2021;RU3110204130848;712
24.07.2021;RU3101090157179;365
24.07.2021;RU3101100549296;388
24.07.2021;RU3110204123771;396
24.07.2021;RU3101100549413;361
24.07.2021;RU3101100549857;390
24.07.2021;RU3101100549252;385
26.07.2021;RU3111005170076;383
26.07.2021;RU3110204123810;360
26.07.2021;RU3101090156823;405
26.07.2021;RU3101100549144;378
26.07.2021;RU3110204123719;386
26.07.2021;RU3101090159466;407
26.07.2021;RU3110204123678;397
26.07.2021;RU3101090157172;390
26.07.2021;RU3101100549248;383
26.07.2021;RU3101100549168;370
26.07.2021;RU3110204123743;390
27.07.2021;RU3111005170133;355
27.07.2021;RU3111005160006;332
27.07.2021;RU3111005160018;343
27.07.2021;RU3110204123858;293
27.07.2021;RU3110204123888;309
27.07.2021;RU3111005170083;315
27.07.2021;RU3111005170254;290
27.07.2021;RU3101090156832;360
27.07.2021;RU3101100549185;358
27.07.2021;RU3110204123839;335
27.07.2021;RU3110204123827;348
27.07.2021;RU3111005170107;299
28.07.2021;RU3111005170040;328
28.07.2021;RU3111005160050;305
28.07.2021;RU3111005160023;336
28.07.2021;RU3111005170154;319
28.07.2021;RU3111005160053;298
28.07.2021;RU3101100549440;388
28.07.2021;RU3111005160074;286
29.07.2021;RU3111005160105;277
29.07.2021;RU3101100549215;289
29.07.2021;RU3110204123856;322
29.07.2021;RU3111005160051;290
29.07.2021;RU3110204123921;316
29.07.2021;RU3111005160113;288
01.08.2021;RU3110204121060;694
04.08.2021;RU3110204122013;651
06.08.2021;RU3110204120458;687
07.08.2021;RU3111005017533;536
08.08.2021;RU3101090130317;612
08.08.2021;RU3110204122720;612
10.08.2021;RU3110204122559;562
11.08.2021;RU3101100549248;394
11.08.2021;RU3101100549413;397
11.08.2021;RU3110204123719;410
11.08.2021;RU3110204123771;410
11.08.2021;RU3110204123743;402
11.08.2021;RU3101100549296;414
11.08.2021;RU3110204123780;408
11.08.2021;RU3110204123810;381
11.08.2021;RU3101100549252;399
11.08.2021;RU3111005170076;387
12.08.2021;RU3111005017090;701
12.08.2021;RU3110204140205;821
12.08.2021;RU3101100549440;404
12.08.2021;RU3101100549185;382
12.08.2021;RU3101090156832;379
15.08.2021;RU3110204122665;577
17.08.2021;RU3110204122727;629
18.08.2021;RU3110204123827;373
18.08.2021;RU3111005170040;353
18.08.2021;RU3110204123856;340
18.08.2021;RU3111005160006;365
18.08.2021;RU3111005160018;371
18.08.2021;RU3111005170083;347
18.08.2021;RU3110204123839;357
18.08.2021;RU3111005170133;405
18.08.2021;RU3110204120447;701
18.08.2021;RU3110204122632;606
19.08.2021;RU3111005160053;330
19.08.2021;RU3110204123888;360
19.08.2021;RU3111005160113;314
19.08.2021;RU3101100549215;326
19.08.2021;RU3111005160051;344
19.08.2021;RU3111005170154;357
19.08.2021;RU3111005160074;316
19.08.2021;RU3111005170254;356
19.08.2021;RU3110204123921;347
19.08.2021;RU3111005170107;346
19.08.2021;RU3111005160023;363
20.08.2021;RU3111005160050;345
20.08.2021;RU3110204123858;337
20.08.2021;RU3110204130439;621
21.08.2021;RU3110204122776;644
22.08.2021;RU3110204130906;629
23.08.2021;RU3110204121112;644
25.08.2021;RU3110204121296;630
25.08.2021;RU3110204140401;629
26.08.2021;RU3101090130604;581
26.08.2021;RU3111005160105;316
27.08.2021;RU3110204122805;606
28.08.2021;RU3110204122801;680
28.08.2021;RU3110204122669;602
29.08.2021;RU3110204122541;625
30.08.2021;RU3110204122815;576
30.08.2021;RU3111005170343;286
31.08.2021;RU3110204130221;556
31.08.2021;RU3110204120904;552
01.09.2021;RU3110204122832;606
01.09.2021;RU3110204122844;601
02.09.2021;RU3110204122760;552
04.09.2021;RU3110204130210;629
07.09.2021;RU3110204130568;701
07.09.2021;RU3111005170133;424
07.09.2021;RU3111005170076;423
07.09.2021;RU3110204123810;406
07.09.2021;RU3110204123856;352
09.09.2021;RU3111005160006;393
09.09.2021;RU3111005170107;369
09.09.2021;RU3110204123827;397
09.09.2021;RU3111005160023;377
09.09.2021;RU3111005170154;388
09.09.2021;RU3110204123839;386
09.09.2021;RU3111005160018;399
09.09.2021;RU3101100549215;352
09.09.2021;RU3111005170083;365
10.09.2021;RU3110204140439;580
10.09.2021;RU3110204120393;556
12.09.2021;RU3101100517534;552
14.09.2021;RU3111005160053;360
14.09.2021;RU3111005170254;376
14.09.2021;RU3110204123921;345
14.09.2021;RU3111005160051;401
14.09.2021;RU3111005160113;348
14.09.2021;RU3110204123888;379
14.09.2021;RU3110204123921;355
14.09.2021;RU3111005160051;390
15.09.2021;RU3110204120783;784
15.09.2021;RU3111005160074;346
15.09.2021;RU3111005160050;370
15.09.2021;RU3111005160105;350
16.09.2021;RU3110204123858;373
17.09.2021;RU3111005170343;338
20.09.2021;RU3101100516423;709
21.09.2021;RU3101090156460;542
24.09.2021;RU3101020408886;789
24.09.2021;RU3110204122162;651
25.09.2021;RU3101090130386;562
25.09.2021;RU3110204123106;584
30.09.2021;RU3110204130117;777
03.10.2021;RU3110204130022;640
07.10.2021;RU3110204123136;613
07.10.2021;RU3110204121430;742
09.10.2021;RU3110204110075;704
10.10.2021;RU3110204121339;625
12.10.2021;NL0660830447;591
13.10.2021;RU3111005170107;384
13.10.2021;RU3110204123839;407
13.10.2021;RU3110204123856;380
13.10.2021;RU3110204123827;418
13.10.2021;RU3111005160023;400
15.10.2021;RU3110204120924;724
18.10.2021;RU3110204140585;724
19.10.2021;NL0676374920;701
25.10.2021;RU3110204123921;407
25.10.2021;RU3111005160051;425
25.10.2021;RU3111005160074;380
25.10.2021;RU3111005160113;382
25.10.2021;RU3111005170254;406
25.10.2021;RU3111005160053;410
25.10.2021;RU3110204123888;411
26.10.2021;RU3111005160050;426
26.10.2021;RU3110204123858;406
26.10.2021;RU3111005160105;390
04.11.2021;RU3110204120917;701
06.11.2021;RU3110204110084;735
08.11.2021;RU3110204121294;660
12.11.2021;RU3110204120774;706
13.11.2021;RU3111005016959;525
15.11.2021;RU3110204121136;687
17.11.2021;RU3111005160113;405
19.11.2021;RU3111005170343;405
20.11.2021;RU3110204130966;684
14.12.2021;RU3110204122068;708
16.12.2021;RU3110204130337;606
25.12.2021;RU3110204124160;242
